artigoEmPeriodico	 	2024		http://dx.doi.org/10.1590/1980-4415v38a240028	O desenvolvimento de cenários para investigação na formação continuada de professores dos anos iniciais do Ensino Fundamental. Boletim de Educação Matemática	BOLEMA	AFINI, D. C. ; SILVA, GUILHERME HENRIQUE GOMES DA	Qualis nao identificado	BOLEMA
artigoEmPeriodico	 	2024			Cenários para Investigação e Educação Financeira: uma proposta para o Novo Ensino Médio	SIGMAE	BATISTA, Y. E. ; SILVA, GUILHERME HENRIQUE GOMES DA	Qualis nao identificado	SIGMAE
artigoEmPeriodico	 	2024			O uso do software GeoGebra como aliado para o ensino de Função Afim	SIGMAE	FARIA, T. A. ; OLIVEIRA, A. J.	Qualis nao identificado	SIGMAE
artigoEmPeriodico	 	2024			Movimentos investigativos a partir de diferentes aulas sobre introdução a função	ENSINO DA MATEMÁTICA EM DEBATE	JULIO, R. S.; SANTIAGO, M. F. M. ; CANDIDO, M. R. A. ; PEREIRA, N. P. ; ALVES, D. M. ; LAGO, J. J. ; TEIXEIRA, A. S. ; MONTEIRO, M. A. C.	A4	
artigoEmPeriodico	 	2024		http://dx.doi.org/10.5212/Rev.Conexao.v.20.23793.027	CURSINHO ÊXITO: PERFIL DOS CURSISTAS E DESAFIOS NO ACESSO AO ENSINO SUPERIOR EM CONTEXTO DE PANDEMIA	REVISTA CONEXÃO UEPG	LOPES, R. A. ; CARDOSO, A. ; SOUZA JÚNIOR, J. C.	Qualis nao identificado	REVISTA CONEXÃO UEPG
artigoEmPeriodico	 	2024			What can Sierpinski?s Triangle do in New High School classrooms?	SIGMAE	LOPES, R. A. ; FERREIRA, J. C.	Qualis nao identificado	SIGMAE
artigoEmPeriodico	 	2024		http://dx.doi.org/10.35819/remat2024v10i1id6816	Influências e desdobramentos da monitoria acadêmica em disciplinas de matemática em uma universidade federal: um olhar para as percepções dos estudantes	REMAT: REVISTA ELETRÔNICA DA MATEMÁTICA	Lopes, R. A. ; QUEIROZ, CÁTIA REGINA DE OLIVEIRA QUILLES	Qualis nao identificado	REMAT: REVISTA ELETRÔNICA DA MATEMÁTICA
artigoEmPeriodico	 	2024		http://dx.doi.org/10.1007/s40314-024-02890-5	Algebraic and geometric characterizations related to the quantization problem of the $$C_{2,8}$$ channel	COMPUTATIONAL AND APPLIED MATHEMATICS	DE OLIVEIRA, ANDERSON JOSÉ; LA GUARDIA, GIULIANO GADIOLI ; PALAZZO, REGINALDO ; DE ALBUQUERQUE, CLARICE DIAS ; DE OLIVEIRA QUILLES QUEIROZ, CÁTIA REGINA ; DE LIMA, LEANDRO BEZERRA ; VIEIRA, VANDENBERG LOPES	A4	
artigoEmPeriodico	 	2024			Tecnologias digitais como potencializadoras do protagonismo estudantil para a aprendizagem de Matemática	SIGMAE	OLIVEIRA, A. L. ; OLIVEIRA, A. J.	Qualis nao identificado	SIGMAE
artigoEmPeriodico	 	2024			Matemática e Cidadania: Um estudo comparativo entre a Matemática da ?feira? e a Matemática da ?sala de aula?	SIGMAE	OLIVEIRA, C. V. ; GOECKING, L. B. ; DE OLIVEIRA, ANDERSON JOSE ; ROCHA, F. B.	Qualis nao identificado	SIGMAE
artigoEmPeriodico	 	2024			O Jogo de Xadrez e Método dos Seis Pilares: possíveis relações com a Matemática	SIGMAE	SANTOS, J. C. ; LOPES, R. A. ; JULIO, R. S.	Qualis nao identificado	SIGMAE
artigoEmPeriodico	 	2023		http://dx.doi.org/10.23925/1983-3156.2023v25i?p283-304	Microagressões no contexto de ensino e aprendizagem da matemática: uma análise teórico-conceitual	Educação Matemática Pesquisa	da SILVA, GUILHERME HENRIQUE GOMES; LAUTER, S. L. ; CARMO, J. S. ; SANTOS, E. M. ; SANTOS, D. E. L.	A1	
artigoEmPeriodico	 	2023		http://dx.doi.org/10.55630/j.biomath.2023.07.207	Well-posedness and qualitative analysis of a SEIR model with spatial diffusion for COVID-19 spreading	BIOMATH	CARVALHO DOS SANTOS, JOSÉ PAULO ; MONTEIRO, EVANDRO ; FERREIRA, JOSÉ CLAUDINEI ; TEIXEIRA LEMES, NELSON HENRIQUE ; RODRIGUES, DIEGO SAMUEL	Qualis nao identificado	BIOMATH
artigoEmPeriodico	 	2023		http://dx.doi.org/10.1007/s00245-022-09955-z	Local and global existence and uniqueness of solution and local well-posednesss for abstract fractional differential equations with state-dependent delay	Applied Mathematics And Optimization	Hernández M., Eduardo ; GAMBERA, L. R. ; dos Santos, José Paulo Carvalho	A2	APPLIED MATHEMATICS AND COMPUTATION
artigoEmPeriodico	 	2023		http://dx.doi.org/10.23925/1983-3156.2023v25i4p218-227	Microagressões raciais no ensino superior: percepções e experiências de estudantes das ciências exatas na Universidade Federal de Alfenas	Educação Matemática Pesquisa	LOPES, R. A. ; SILVA, G. H. G.	A1	
artigoEmPeriodico	 	2023			Microagressões raciais nas ciências exatas: uma análise das experiências de estudantes da Universidade Federal de Alfenas	REVISTA DE FILOSOFIA Y CÎENCIAS - PROMETEICA	LOPES, Ronaldo André. ; SILVA, G. H. G.	Qualis nao identificado	REVISTA DE FILOSOFIA Y CÎENCIAS - PROMETEICA
artigoEmPeriodico	 	2023		http://dx.doi.org/10.37001/remat25269062v20id793	Ensaio filosófico com um Modelo dos Campos Semânticos	Revista de Educação Matemática	SANTOS, J. R. V. ; PAULO, J. P. A. ; JULIO, R. S.	A3	
artigoEmPeriodico	 	2023			'O mérito de sua nota está na sua cor do pecado': microagressões raciais no ensino superior	REVISTA DE FILOSOFIA Y CÎENCIAS - PROMETEICA	SILVA JUNIOR, E. A. ; SILVA, G. H. G.	Qualis nao identificado	REVISTA DE FILOSOFIA Y CÎENCIAS - PROMETEICA
artigoEmPeriodico	 	2023		http://dx.doi.org/10.18540/jcecvl9iss8pp17142-01e	Rede Neural Fuzzy Autoexpansível baseada na Teoria da Ressonância Adaptativa para detecção de sites de Phishing	The Journal of Engineering and Exact Sciences	SILVA, GUSTAVO HENRIQUE SANTIAGO DA ; SILVA, R. J. ; MORENO, A. L.	B3	
artigoEmPeriodico	 	2023			A abordagem do cotidiano em disciplinas que envolvem matemática em cursosde Pedagogia: possibilidades para a formação inicial	SIGMAE	SOUSA, L. B. ; JULIO, R. S.	Qualis nao identificado	SIGMAE
artigoEmPeriodico	 	2022		http://dx.doi.org/10.1007/s11128-022-03488-8	Euclidean and hyperbolic asymmetric topological quantum codes. QUANTUM INFORMATION PROCESSING (DORDRECHT	ONLINE)	DE ALBUQUERQUE, CLARICE DIAS ; LA GUARDIA, GIULIANO GADIOLI ; PALAZZO, REGINALDO ; DE OLIVEIRA QUILLES QUEIROZ, CÁTIA REGINA ; VIEIRA, VANDENBERG LOPES	Qualis nao identificado	ONLINE)
artigoEmPeriodico	 	2022		http://dx.doi.org/10.1016/j.physa.2022.127433	On MDS color codes	PHYSICA A-STATISTICAL MECHANICS AND ITS APPLICATIONS	DE ALBUQUERQUE, CLARICE DIAS ; VIEIRA, VANDENBERG LOPES ; DE OLIVEIRA QUILLES QUEIROZ, CÁTIA REGINA ; LA GUARDIA, GIULIANO GADIOLI ; DE OLIVEIRA, ANDERSON JOSÉ ; DE LIMA, LEANDRO BEZERRA	Qualis nao identificado	PHYSICA A-STATISTICAL MECHANICS AND ITS APPLICATIONS
artigoEmPeriodico	 	2022		http://dx.doi.org/10.34019/2594-4673.2022.v6.38516	O problema do cachorro e do coelho: uma perseguição a partir de produções de significados	Revista de Investigação e Divulgação em Educação Matemática	José C. Ferreira, J. C. Ferreira; Júlio, R. S.	Qualis nao identificado	REVISTA DE INVESTIGAÇÃO E DIVULGAÇÃO EM EDUCAÇÃO MATEMÁTICA
artigoEmPeriodico	 	2022		http://dx.doi.org/10.23925/1983-3156.2022v24i4p202-228	O programa residência pedagógica no contexto pandêmico: as experiências dos residentes do subprojeto de matemática da Universidade Federal de Alfenas	Educação Matemática Pesquisa	JULIO, Rejane Siqueira; FELICIO, H. M. S.	A1	
artigoEmPeriodico	 	2022		http://dx.doi.org/10.46312/pem.v15i39.15977	Pensando numa Lógica Outra a Educação Matemática nos Cursos de Pedagogia	PERSPECTIVAS DA EDUCAÇÃO MATEMÁTICA	JULIO, Rejane Siqueira; MARIANO, ANDRÉ LUIZ SENA ; SILVA, SILVANA INÊS DOS SANTOS	A2	
artigoEmPeriodico	 	2022		http://dx.doi.org/10.17648/acta.scientiae.6888	Mathematics Teaching and Subjects that Include Mathematics in Pedagogy Courses	REVISTA ACTA SCIENTIAE	JULIO, Rejane Siqueira; ZANETTI, MONISE	A2	
artigoEmPeriodico	 	2022			Fractional derivatives as weighted average of historical values: an application to COVID-19 in Brazil	REVISTA ELETRÔNICA PAULISTA DE MATEMÁTICA	LOPES, M. M. ; PEDRO, F. S. ; dos Santos, José Paulo C. ; IBANEZ, D. S. ; ESMI, E. ; BARROS, L. C.	C	
artigoEmPeriodico	 	2022		http://dx.doi.org/10.14507/epaa.30.6370	Alcance na admissão de estudantes pela Lei de Cotas: O caso da Universidade Federal de Alfenas	ARCHIVOS ANALÍTICOS DE POLÍTICAS EDUCATIVAS / EDUCATION POLICY ANALYSIS ARCHIVES	LOPES, Ronaldo André. ; SILVA, GUILHERME HENRIQUE GOMES DA	Qualis nao identificado	ARCHIVOS ANALÍTICOS DE POLÍTICAS EDUCATIVAS / EDUCATION POLICY ANALYSIS ARCHIVES
artigoEmPeriodico	 	2022		http://dx.doi.org/10.1080/00927872.2021.1979992	Piecewise Hereditary Incidence algebras of Dynkin and extended Dynkin type	COMMUNICATIONS IN ALGEBRA	Marcos, Eduardo ; MOREIRA, M.	Qualis nao identificado	COMMUNICATIONS IN ALGEBRA
artigoEmPeriodico	 	2022		http://dx.doi.org/10.14393/BEJOM-v3-n5-2022-63403	Códigos BCH aplicados na análise mutacional da enzima mitocondrial ATP6	Brazilian Electronic Journal of Mathematics	OLIVEIRA, A. N. ; OLIVEIRA, ANDERSON JOSÉ DE ; PEREIRA, D. G.	Qualis nao identificado	BRAZILIAN ELECTRONIC JOURNAL OF MATHEMATICS
artigoEmPeriodico	 	2022		http://dx.doi.org/10.23925/1983-3156.2022v24i2p083-107	Contribuições do modelo dos campos semânticos para a formação inicial de pedagogas e pedagogos	Educação Matemática Pesquisa	PAULO, J. P. A. ; JULIO, R. S.	A1	
artigoEmPeriodico	 	2022		http://dx.doi.org/10.21167/cqdv22n22022135152	Continuation of mild solution for abstract fractional integro-differential equations	REVISTA ELETRÔNICA PAULISTA DE MATEMÁTICA	SANTOS, José Paulo Carvalho dos	C	
artigoEmPeriodico	 	2022		http://dx.doi.org/10.1590/1516-731320220026	Contribuições de uma prática formativa envolvendo o software GeoGebra para professores e professoras que ensinam matemática dos anos iniciais do Ensino Fundamental	CIÊNCIA & EDUCAÇÃO (ONLINE)	SILVA, Juliana Pereira Zorzin ; SILVA, GUILHERME HENRIQUE GOMES DA	A1	
artigoEmPeriodico	 	2022		http://dx.doi.org/10.46312/pem.v15i39.16068	Ser professor de Matemática' no âmbito de uma Licenciatura em Matemática	PERSPECTIVAS DA EDUCAÇÃO MATEMÁTICA	SILVA, WALTER LUÍS MOURA ; JULIO, Rejane Siqueira ; OLIVEIRA, VIVIANE CRISTINA ALMADA DE	A2	
artigoEmPeriodico	 	2021		http://dx.doi.org/10.1007/s40314-021-01456-z	The memory effect on fractional calculus: an application in the spread of COVID-19	COMPUTATIONAL AND APPLIED MATHEMATICS	BARROS, L. C. ; LOPES, M. M. ; PEDRO, F. S. ; ESMI, E. ; dos Santos, J.P.C ; SANCHEZ, D. E.	A4	
artigoEmPeriodico	 	2021		http://dx.doi.org/10.1016/j.chaos.2020.110619	Global stability analysis of a fractional differential system in hepatitis B	CHAOS SOLITONS & FRACTALS	CARDOSO, L. C. ; CARVALHO, R. F. ; SANTOS, F. L. P. ; dos Santos, José Paulo Carvalho	A1	CHAOS, SOLITONS & FRACTALS
artigoEmPeriodico	 	2021		http://dx.doi.org/10.22481/10.22481	Extensão de Galois GF(2^6) Aplicada na Modelagem do Código Genético	Intermaths - Revista de Matemática Aplicada e Interdisciplinar	FERNANDES, R. S. ; DE OLIVEIRA, ANDERSON JOSÉ	Qualis nao identificado	INTERMATHS - REVISTA DE MATEMÁTICA APLICADA E INTERDISCIPLINAR
artigoEmPeriodico	 	2021		http://dx.doi.org/10.14393/BEJOM-v2-n4-2021-57416	Caracterização das propriedades dos aminoácidos por meio do Diagrama de Hasse associado ao rotulamento A do código genético	Brazilian Electronic Journal of Mathematics	FERNANDES, R. S. ; OLIVEIRA, A. J.	Qualis nao identificado	BRAZILIAN ELECTRONIC JOURNAL OF MATHEMATICS
artigoEmPeriodico	 	2021		http://dx.doi.org/10.21575/25254782rmetg2021vol6n31674	ANÁLISE DAS PROPRIEDADES FÍSICO-QUÍMICAS DOS AMINOÁCIDOS POR MEIO DAS DISTÂNCIAS DE HAMMING ASSOCIADAS AO ROTULAMENTO B DO CÓDIGO GENÉTICO	REVISTA MUNDI ENGENHARIA, TECNOLOGIA E GESTÃO	FERNANDES, ROBERTA SIQUEIRA ; DE OLIVEIRA, ANDERSON JOSÉ	B3	
artigoEmPeriodico	 	2021		http://dx.doi.org/10.21711/26755254/rmu20213	QUANDO OS MÉTODOS DE EULER E DE NEWTON COINCIDEM	Revista Matemática Universitária	FERREIRA, JOSÉ CLAUDINEI	Qualis nao identificado	REVISTA MATEMÁTICA UNIVERSITÁRIA
artigoEmPeriodico	 	2021		http://dx.doi.org/10.1007/s40314-021-01612-5	On a collocation point of view to reproducing kernel methods	COMPUTATIONAL AND APPLIED MATHEMATICS	FERREIRA, JOSÉ CLAUDINEI	A4	
artigoEmPeriodico	 	2021		http://dx.doi.org/10.1016/j.cam.2020.112984	Solving ill-posed problems faster using fractional-order Hopfield neural network	JOURNAL OF COMPUTATIONAL AND APPLIED MATHEMATICS	LEMES, N. H. T. ; SANTOS, T. M. R. ; TAVARES, C. A. ; BRAGA, JOÃO P. ; FERREIRA, J. C. ; SANTOS, José Paulo Carvalho dos	Qualis nao identificado	JOURNAL OF COMPUTATIONAL AND APPLIED MATHEMATICS
artigoEmPeriodico	 	2021		http://dx.doi.org/10.22481/recuesb.v9i15.8162	Educação Matemática para e com idosos em tempos de pandemia	REVISTA EXTENSÃO & CIDADANIA	LOPES, R. A. ; JULIO, R. S. ; SILVA, G. H. G. ; CARDOSO, R. F. ; NEVES, S. M. F. C.	Qualis nao identificado	REVISTA EXTENSÃO & CIDADANIA
artigoEmPeriodico	 	2021		http://dx.doi.org/10.24109/2176-6681.rbep.102i.260.3961	A Lei de Cotas e o acesso à Universidade Federal de Alfenas por estudantes pertencentes a grupos sub-representados	REVISTA BRASILEIRA DE ESTUDOS PEDAGÓGICOS RBEP-INEP	LOPES, Ronaldo André. ; SILVA, GUILHERME HENRIQUE GOMES DA ; FERREIRA, E. B.	A1	
artigoEmPeriodico	 	2021			OPTIMIZATION METHODOLOGY WITH PRINCIPAL COMPONENT ANALYSIS APPLIED IN PORTFOLIO: SIMULATED RESULTS IN GREEN COMPANIES	JOURNAL OF OPEN RESEARCH	PAPANDREA, P. J. ; PAIVA, A. P. ; CORREA, J. E. ; ROCHA, F. B.	Qualis nao identificado	JOURNAL OF OPEN RESEARCH
artigoEmPeriodico	 	2021		http://dx.doi.org/10.5212/rev.conexao.v.17.17419.28	MATEMÁTICA E CIDADANIA: TECNOLOGIAS DA INFORMAÇÃO E COMUNICAÇÃO APLICADAS NO CONSUMO CONSCIENTE DE COMBUSTÍVEIS	REVISTA CONEXÃO UEPG	SILVA, N. H. ; GOECKING, L. B. ; OLIVEIRA, A. J.	Qualis nao identificado	REVISTA CONEXÃO UEPG
artigoEmPeriodico	 	2021		http://dx.doi.org/10.1590/1980-4415v35n70a11	Contribuições para a Formação Inicial de Professores de Matemática a partir de seu Envolvimento em um Projeto Extensionista Direcionado ao Público Idoso. Boletim de Educação Matemática	Bolema (Rio Claro)	SILVA, NAYARA DA ; SILVA, GUILHERME HENRIQUE GOMES DA ; JULIO, Rejane Siqueira	Qualis nao identificado	BOLEMA
artigoEmPeriodico	 	2021		http://dx.doi.org/10.21575/25254782rmetg2021vol6n31677	DETECÇÃO DA DOENÇA DE PARKINSON VIA REDE NEURAL ART FUZZY AUTO-EXPANSÍVEL	REVISTA MUNDI ENGENHARIA, TECNOLOGIA E GESTÃO	SILVA, REGINALDO JOSÉ DA ; MORENO, ANGELA LEITE	B3	
artigoEmPeriodico	 	2021		http://dx.doi.org/10.1590/198053146970	A formação matemática de futuros pedagogos e pedagogas de um curso a distância. CADERNOS DE PESQUISA (FUNDAÇÃO CARLOS CHAGAS	ONLINE)	SILVA, Sandra Maria da ; SILVA, GUILHERME HENRIQUE GOMES DA	Qualis nao identificado	ONLINE)
artigoEmPeriodico	 	2021		http://dx.doi.org/10.1590/1980-4415v35n71a18	Quando Mudam os Interlocutores: produzindo diferentes significados a partir de -ser professor de Matemática-	Bolema (Rio Claro)	SILVA, WALTER LUÍS MOURA ; JULIO, Rejane Siqueira ; OLIVEIRA, VIVIANE CRISTINA ALMADA DE	Qualis nao identificado	BOLEMA
artigoEmPeriodico	 	2021		http://dx.doi.org/10.47207/rbem.v2i01.11996	Produções de conhecimento a partir do estágio de forma remota no Ensino Médio em Minas Gerais	Revista Baiana de Educação Matemática	SIQUEIRA JULIO, REJANE; DE LIMA, DANIELA CRISTINA	Qualis nao identificado	REVISTA BAIANA DE EDUCAÇÃO MATEMÁTICA
artigoEmPeriodico	 	2021			As relações entre as formações e a prática profissional de professoras que ensinam matemática	Revista Indagações em Educação	ZANETTI, M. ; JULIO, R. S.	Qualis nao identificado	REVISTA INDAGAÇÕES EM EDUCAÇÃO
artigoEmPeriodico	 	2020		http://dx.doi.org/10.1109/ACCESS.2020.3034455	Construction of Signal Sets From Quotient Rings of the Quaternion Orders Associated With Arithmetic Fuchsian Groups	IEEE Access	DE OLIVEIRA QUILLES QUEIROZ, CATIA REGINA; PALAZZO, REGINALDO	A3	
artigoEmPeriodico	 	2020		http://dx.doi.org/10.22481/recuesb.v8i13.7106	MATEMÁTICA PARA A CIDADANIA: CALCULANDO PERÍMETRO E ÁREA EM SITUAÇÕES DO COTIDIANO	REVISTA EXTENSÃO & CIDADANIA	DE OLIVEIRA, ANDERSON JOSÉ ; SOUZA, AMANDA DE MELO ; GOECKING, LUCIANA BORGES ; BEIJO, LUIZ ALBERTO ; DE OLIVEIRA, ANDRÉIA DO CARMO	Qualis nao identificado	REVISTA EXTENSÃO & CIDADANIA
artigoEmPeriodico	 	2020		http://dx.doi.org/10.21711/2319023x2020/pmo816	Sobre a soma dos termos de progressões geométricas e métodos numéricos para determinar autovalores e raízes de polinômios	PROFESSOR DE MATEMÁTICA ONLINE	FERREIRA, JOSÉ	Qualis nao identificado	PROFESSOR DE MATEMÁTICA ONLINE
artigoEmPeriodico	 	2020		http://dx.doi.org/10.5007/1981-1322.2020.e70688	O modelo dos campos semânticos para pensar a multiplicação em sala de aula	REVEMAT	JULIO, Rejane Siqueira; FERREIRA, GUILHERME FRANCISCO	A3	
artigoEmPeriodico	 	2020		http://dx.doi.org/10.5212/rev.conexao.v.16.15621.042	CURSINHO POPULAR E COMPETÊNCIAS MATEMÁTICAS: IMPACTO NO ACESSO AO ENSINO SUPERIOR	REVISTA CONEXÃO UEPG	LOPES, R. A. ; CARDOSO, A.	Qualis nao identificado	REVISTA CONEXÃO UEPG
artigoEmPeriodico	 	2020		http://dx.doi.org/10.15210/EE.V25I3.18823	Formação de professores para uma educação crítica: uma experiência com o uso do xadrez	EXPRESSA EXTENSÃO	MORENO, A. L.; LOPES, R. A.	B3	
artigoEmPeriodico	 	2020		http://dx.doi.org/10.1080/17415977.2020.1732957	Improving a Tikhonov regularization method with a fractional-order differential operator for the inverse black body radiation problem	INVERSE PROBLEMS IN SCIENCE AND ENGINEERING,	SANTOS, T. M. R. ; TAVARES, C. A. ; LEMES, N. H. T. ; SANTOS, José Paulo Carvalho dos ; BRAGA, J. P.	Qualis nao identificado	INVERSE PROBLEMS IN SCIENCE AND ENGINEERING,
artigoEmPeriodico	 	2020		http://dx.doi.org/10.4322/gepem.2020.009	Ações afirmativas e Educação Matemática: possibilidades de encontros entre diferenças no ensino superior	BOLETIM GEPEM (ONLINE)	SILVA, GUILHERME HENRIQUE GOMES DA	A4	
artigoEmPeriodico	 	2020		http://dx.doi.org/10.1109/access.2020.2983566	Multivariate Stochastic Optimization Approach Applied in a Flux-Cored Arc Welding Process	IEEE Access	TORRES, ALEXANDRE F. ; ROCHA, FRANCO B. ; ALMEIDA, FABRICIO A. ; GOMES, JOSE H. F. ; PAIVA, ANDERSON P. ; BALESTRASSI, PEDRO PAULO	A3	
artigoEmPeriodico	 	2020		http://dx.doi.org/10.1590/1516-731320200053	Expectativas quanto às Disciplinas de Matemática no Curso de Pedagogia: a importância de ouvir os alunos	CIÊNCIA & EDUCAÇÃO (ONLINE)	ZANETTI, M. ; JULIO, Rejane Siqueira	A1	
artigoEmPeriodico	 	2019		http://dx.doi.org/10.7153/fdc-2019-09-13	Fractional resolvent operator with α ∈ (0,1) and applications	Fractional Differential Calculus,	dos Santos, José Paulo Carvalho	Qualis nao identificado	FRACTIONAL DIFFERENTIAL CALCULUS,
artigoEmPeriodico	 	2019			Sobre autovalores e zeros de polinômios e problemas de otimização: uma síntese e demonstrações	SIGMAE	José C. Ferreira; SILVA, N. R.	Qualis nao identificado	SIGMAE
artigoEmPeriodico	 	2019		http://dx.doi.org/10.1016/j.amc.2019.04.008	A least square point of view to reproducing kernel methods to solve functional equations	APPLIED MATHEMATICS AND COMPUTATION	José Claudinei Ferreira; BAQUIAO, M. C.	A2	
artigoEmPeriodico	 	2019		http://dx.doi.org/10.17648/educare.v15i33.22524	Articulações entre matemática, indústria e universidade	EDUCERE ET EDUCARE (VERSÃO ELETRÔNICA)	JULIO, R. S	Qualis nao identificado	EDUCERE ET EDUCARE
artigoEmPeriodico	 	2019			Educação Matemática, Inclusão Social e pessoas idosas: uma análise do projeto Conversas Matemáticas no âmbito do Programa Universidade Aberta à Pessoa Idosa	Educação Matemática em Revista	JULIO, R. S. ; SILVA, GUILHERME HENRIQUE GOMES DA	A2	
artigoEmPeriodico	 	2019			Educação Matemática, inclusão social e pessoas idosas: uma análise do projeto conversas matemáticas no âmbito do programa aberto à pessoa idosa	Educação Matemática em Revista	JULIO, R. S.; SILVA, G. H. G.	A2	
artigoEmPeriodico	 	2019		http://dx.doi.org/10.1590/1980-4415v33n64a19	Como as Entrevistas com Engenheiros Eletrônicos da Petrobras nos Ajudam a Pensar Matemática nos Cursos de Serviço. Boletim de Educação Matemática	BOLEMA	JULIO, Rejane Siqueira; MONTEIRO, ALEXANDRINA	Qualis nao identificado	BOLEMA
artigoEmPeriodico	 	2019		http://dx.doi.org/10.1590/1980-4415v33n65a17	Há sempre o que ensinar, há sempre o que aprender: como e por que educação matemática na terceira idade?	Bolema (Rio Claro)	LIMA, LUCIANO FELICIANO DE ; PENTEADO, MIRIAM GODOY ; SILVA, GUILHERME HENRIQUE GOMES DA	Qualis nao identificado	BOLEMA
artigoEmPeriodico	 	2019		http://dx.doi.org/10.1590/0102-4698170841	AÇÕES AFIRMATIVAS NO ENSINO SUPERIOR BRASILEIRO: CAMINHOS PARA A PERMANÊNCIA E O PROGRESSO ACADÊMICO DE ESTUDANTES DA ÁREA DAS CIÊNCIAS EXATAS	EDUCAÇÃO EM REVISTA (ONLINE)	SILVA, GUILHERME HENRIQUE GOMES DA	A1	
artigoEmPeriodico	 	2019		http://dx.doi.org/10.1590/198053145665	AN OVERVIEW OF AFFIRMATIVE ACTION POLICIES IN PUBLIC FEDERAL UNIVERSITIES IN SOUTHEAST BRAZIL. CADERNOS DE PESQUISA (FUNDAÇÃO CARLOS CHAGAS	ONLINE)	SILVA, GUILHERME HENRIQUE GOMES DA	Qualis nao identificado	ONLINE)
artigoEmPeriodico	 	2019		http://dx.doi.org/10.1177/1757743819837682	Affirmative actions in terms of special rights: Confronting structural violence in Brazilian higher education	Power and Education	SILVA, GUILHERME HENRIQUE GOMES DA; SKOVSMOSE, OLE	Qualis nao identificado	POWER AND EDUCATION
artigoEmPeriodico	 	2019		http://dx.doi.org/10.34019/2237-9444.2019.v9.31130	Educação Matemática e atividades investigativas com pessoas idosas	PESQUISA E DEBATE EM EDUCAÇÃO	SILVA, R. N. ; SILVA, GUILHERME HENRIQUE GOMES DA ; JULIO, REJANE SIQUEIRA	B1	
artigoEmPeriodico	 	2019		http://dx.doi.org/10.1590/1980-4415v33n65a16	Incluir não é Apenas Socializar: as Contribuições das Tecnologias Digitais Educacionais para a Aprendizagem Matemática de Estudantes com Transtorno do Espectro Autista	Bolema (Rio Claro)	SOUZA, Andiara Cristina de ; SILVA, GUILHERME HENRIQUE GOMES DA	Qualis nao identificado	BOLEMA
artigoEmPeriodico	 	2018		http://dx.doi.org/10.14244/198271992212	Macroinclusão e microexclusão no contexto educacional	REVISTA ELETRÔNICA DE EDUCAÇÃO (SÃO CARLOS)	FAUSTINO, ANA CAROLINA ; MOURA, AMANDA QUEIROZ ; SILVA, GUILHERME HENRIQUE GOMES DA ; MUZINATTI, JOÃO LUIZ ; SKOVSMOSE, OLE	A2	
artigoEmPeriodico	 	2018		http://dx.doi.org/10.1215/20088752-2017-0064	Nuclearity and trace formulas of integral operators	Annals of Functional Analysis	J. C. Ferreira; CARVALHO, S. A.	Qualis nao identificado	ANNALS OF FUNCTIONAL ANALYSIS
artigoEmPeriodico	 	2018		http://dx.doi.org/10.22606/aan.2018.31002	On Reproducing Kernel and Applications	Advances in Analysis	J. C. Ferreira; FERREIRA, E. C.	Qualis nao identificado	ADVANCES IN ANALYSIS
artigoEmPeriodico	 	2018			Uma discussão sobre legitimidades matemáticas utilizando o contexto dos números irracionais	Educação Matemática Pesquisa	JULIO, Rejane Siqueira; FERREIRA, G. F. ; LINS, R. C.	A1	
artigoEmPeriodico	 	2018		http://dx.doi.org/10.34019/1984-5499.2018.v20.19151	UMA POSSIBILIDADE DE DISCUSSÕES FILOSÓFICAS E MATEMÁTICAS NA FORMAÇÃO DE PROFESSORES DE MATEMÁTICA*	INSTRUMENTO - REVISTA EM ESTUDO E PESQUISA EM EDUCAÇÃO	JULIO, Rejane Siqueira; FERREIRA, J. C.	Qualis nao identificado	INSTRUMENTO - REVISTA EM ESTUDO E PESQUISA EM EDUCAÇÃO
artigoEmPeriodico	 	2018		http://dx.doi.org/10.4322/gepem.2018.008	Estranhamento e descentramento na prática de formação de professores de Matemática	BOLETIM GEPEM (ONLINE)	JULIO, Rejane Siqueira; OLIVEIRA, VIVIANE CRISTINA ALMADA DE	A4	
artigoEmPeriodico	 	2018		http://dx.doi.org/10.1590/1980-4415v32n62a13	Compreendendo a Formação Matemática de Futuros Pedagogos por meio de Narrativas. Boletim de Educação Matemática	Bolema (Rio Claro)	JULIO, REJANE SIQUEIRA ; SILVA, GUILHERME HENRIQUE GOMES DA	Qualis nao identificado	BOLEMA
artigoEmPeriodico	 	2018		http://dx.doi.org/10.5965/2357724X06102018123	Ladrilhamentos e Educação Matemática	BOLETIM ONLINE DE EDUCAÇÃO MATEMÁTICA	JULIO, REJANE SIQUEIRA ; SILVA, GUILHERME HENRIQUE GOMES DA ; NOGUEIRA, VINÍCIUS GABRIEL SILVA ; OLIVEIRA, ANDRÉIA DO CARMO DE	Qualis nao identificado	BOLETIM ONLINE DE EDUCAÇÃO MATEMÁTICA
artigoEmPeriodico	 	2018			Aplicações de Estruturas Algébricas na Conexão entre Sistemas de Comunicação Padrão e Genética	SIGMAE	ROCHA, B. P. ; OLIVEIRA, A. J.	Qualis nao identificado	SIGMAE
artigoEmPeriodico	 	2018			Macroinclusões e microinclusões de pessoas idosas em um contexto da Educação Matemática	PERSPECTIVAS DA EDUCAÇÃO MATEMÁTICA	SILVA, GUILHERME HENRIQUE GOMES DA; JULIO, R. S.	A2	
artigoEmPeriodico	 	2018			Aplicação da programação convexa na determinação da melhor localização de uma torre de transmissão na cidade de Alfenas - MG	SIGMAE	TOMAZ, B. C. M. ; ROCHA, B. P. ; SOUZA, F. S. ; BAQUIAO, M. C. ; SILVA, N. R. ; DE OLIVEIRA, ANDERSON JOSÉ	Qualis nao identificado	SIGMAE
artigoEmPeriodico	 	2017			Jogos e Materiais Manipuláveis no Ensino de Matemática	SIGMAE	ANTUNES, A. K. L. ; MORENO, A. L.	Qualis nao identificado	SIGMAE
artigoEmPeriodico	 	2017			Completude no Espaço de Funções Contínuas C[a, b]	SIGMAE	ARAUJO, S. A. ; MORENO, A. L.	Qualis nao identificado	SIGMAE
artigoEmPeriodico	 	2017			Estudo de Algumas Bolas no Espaço Rn	SIGMAE	ARAUJO, S. A. ; MORENO, A. L.	Qualis nao identificado	SIGMAE
artigoEmPeriodico	 	2017		http://dx.doi.org/10.1007/s40314-017-0446-9	Geometric and algebraic structures associated with the channel quantization problem	COMPUTATIONAL & APPLIED MATHEMATICS	DE OLIVEIRA, ANDERSON JOSE; PALAZZO, REGINALDO	A4	
artigoEmPeriodico	 	2017		http://dx.doi.org/10.1007/s11117-016-0414-4	On reproducing kernel and density problems	POSITIVITY	FERREIRA, JOSÉ CLAUDINEI	Qualis nao identificado	POSITIVITY
artigoEmPeriodico	 	2017			Material Manipulável ou Instrumento: O que realmente está sendo utilizado no ensino da Geometria Analítica Plana	SIGMAE	GONÇALVES, D. O. ; RAMOS, A. C. ; MORENO, A. L.	Qualis nao identificado	SIGMAE
artigoEmPeriodico	 	2017			Tesselações no Plano Hiperbólico	SIGMAE	Lima Antunes, A.K. ; QUILLES QUEIROZ, C.R.O.	Qualis nao identificado	SIGMAE
artigoEmPeriodico	 	2017			Um Resultado sobre Funções Mensuráveis Limitadas em Lp	SIGMAE	LOPES, M. M. ; MORENO, A. L.	Qualis nao identificado	SIGMAE
artigoEmPeriodico	 	2017			Aplicações do Teorema de Baire	SIGMAE	LOPES, M. M. ; MORENO, A. L.	Qualis nao identificado	SIGMAE
artigoEmPeriodico	 	2017		http://dx.doi.org/10.1590/198053143986	Educação matemática e ações afirmativas: possibilidades e desafios na docência universitária. CADERNOS DE PESQUISA (FUNDAÇÃO CARLOS CHAGAS	IMPRESSO)	SILVA, GUILHERME HENRIQUE GOMES DA	Qualis nao identificado	IMPRESSO)
artigoEmPeriodico	 	2017			Educação Matemática Crítica e preocupações urgentes: cenários promovedores de equidade e justiça social	Revista Paranaense de Educação Matemática	SILVA, GUILHERME HENRIQUE GOMES DA; SOUZA, R. M. J. ; BRIAO, Gabriela Félix ; KISTEMANN JUNIOR, M.A.	Qualis nao identificado	REVISTA PARANAENSE DE EDUCAÇÃO MATEMÁTICA
artigoEmPeriodico	 	2016			Matemática Dinâmica para compreender a função exponencial	SIGMAE	FARIA, T. A. ; SOUZA JUNIOR, J. C. ; CARDOSO, A.	Qualis nao identificado	SIGMAE
artigoEmPeriodico	 	2016			Produzindo significado para Uma Leitura da Produção de Significados Matemáticos e Não-matemáticos para Dimensão	Perspectivas da Educação Matemática	JULIO, R. S	A2	
artigoEmPeriodico	 	2016			Contribuições wittgensteinianas para a realização e a leitura de entrevistas envolvendo matemática nas práticas de engenheiros	Revemat : Revista Eletrônica de Educação Matemática	JULIO, R. S	A3	
artigoEmPeriodico	 	2016		http://dx.doi.org/10.1016/j.apm.2016.04.021	A generalized Mittag-Leffer function to describe nonexponential chemical effects	Applied Mathematical Modelling	LEMES, NELSON H.T. ; dos Santos, José Paulo C. ; BRAGA, JOÃO P.	Qualis nao identificado	APPLIED MATHEMATICAL MODELLING
artigoEmPeriodico	 	2016			Equidade e Educação Matemática	Educação Matemática Pesquisa	SILVA, GUILHERME HENRIQUE GOMES DA	A1	
artigoEmPeriodico	 	2016		http://dx.doi.org/10.14244/198271991260	Geometria dinâmica e formação inicial: episódios a partir de um curso de extensão universitária	Revista Eletrônica de Educação (São Carlos)	SILVA, GUILHERME HENRIQUE GOMES DA	A2	
artigoEmPeriodico	 	2016			Engajamento da Educação Matemática nas Dimensões das Políticas de Ações Afirmativas no Ensino Superior	Perspectivas da Educação Matemática	SILVA, GUILHERME HENRIQUE GOMES DA	A2	
artigoEmPeriodico	 	2016			Microagressões no ensino superior nas vias da Educação Matemática	RLE (Pasto)	SILVA, GUILHERME HENRIQUE GOMES DA; POWELL, ARTHUR B.	Qualis nao identificado	RLE
artigoEmPeriodico	 	2015		http://dx.doi.org/10.1155/2015/729894	A fractional-order epidemic model for the bovine Babesiosis disease and tick population.	Abstract and Applied Analysis	DOS SANTOS, JOSÉ PAULO CARVALHO ; CARDOSO, LISLAINE CRISTINA ; MONTEIRO, EVANDRO ; LEMES, NELSON H. T.	Qualis nao identificado	ABSTRACT AND APPLIED ANALYSIS
artigoEmPeriodico	 	2015		http://dx.doi.org/10.1016/j.amc.2015.01.005	Existence of S-asymptotically ω-periodic solutions to abstract integro-differential equations	Applied Mathematics and Computation	dos Santos, José Paulo Carvalho; HENRÍQUEZ, HERNÁN R.	A2	
artigoEmPeriodico	 	2015			Rede neural ART euclidiana com treinamento continuado	PROCEEDING SERIES OF THE BRAZILIAN SOCIETY OF COMPUTATIONAL AND APPLIED MATHEMATICS	MORENO, A. L.; SILVA, J. A. ; MINUSSI, C. R.	Qualis nao identificado	PROCEEDING SERIES OF THE BRAZILIAN SOCIETY OF COMPUTATIONAL AND APPLIED MATHEMATICS
artigoEmPeriodico	 	2015		http://dx.doi.org/10.1142/S0219498816501577	Complete hyperbolic lattices derived from tessellations of type {4g, 4g}	Journal of Algebra and its Applications	QUEIROZ, CÁTIA QUILLES; BENEDITO, CINTYA W. ; INTERLANDO, J. CARMELO ; PALAZZO, REGINALDO	Qualis nao identificado	JOURNAL OF ALGEBRA AND ITS APPLICATIONS
artigoEmPeriodico	 	2015			Análise Teórica Sobre a Equação das Ondas	Sigmae	QUINTINO, L. O. ; Monteiro, E.	Qualis nao identificado	SIGMAE
artigoEmPeriodico	 	2015			O falibilismo de Lakatos e o trabalho com investigações matemática em sala de aula: possíveis aproximações	Acta Scientiae (ULBRA)	SILVA, GUILHERME HENRIQUE GOMES DA; MOURA, A. Q.	A2	
artigoEmPeriodico	 	2014			O Uso de Objetos de Aprendizagem em um Processo de Produção de Significados sobre Trigonometria	Revista Acta Scientiae	DANTAS, S. C. ; JULIO, R. S.	A2	
artigoEmPeriodico	 	2014			Críticas aos fundamentos da Psicologia e sua possibilidade enquanto ciência	Clareira - Revista de Filosofia da Região Amazônica	FERREIRA, R. R. ; JULIO, R. S. ; ABREU, R. A. S.	Qualis nao identificado	CLAREIRA - REVISTA DE FILOSOFIA DA REGIÃO AMAZÔNICA
artigoEmPeriodico	 	2014			A visão do professor em formação sobre sua própria formação.	REVISTA DA UNIVERSIDADE VALE DO RIO VERDE	ROLINO, J. V. ; CARDOSO, A. ; SOUZA JUNIOR, J. C.	Qualis nao identificado	REVISTA DA UNIVERSIDADE VALE DO RIO VERDE
artigoEmPeriodico	 	2014			Existence of solutions for some classes of parabolic problems involving variable exponents	Nonlinear Studies (Abingdon)	SIMSEN, J. ; SIMSEN, M. S. ; ROCHA, F. B.	Qualis nao identificado	NONLINEAR STUDIES
artigoEmPeriodico	 	2014			Geogebra 3d: uma ferramenta para estudo de volumes no ensino médio.	REVISTA DA UNIVERSIDADE VALE DO RIO VERDE	SOUZA JUNIOR, J. C. ; CARDOSO, A. ; CALIXTO, R. A.	Qualis nao identificado	REVISTA DA UNIVERSIDADE VALE DO RIO VERDE
artigoEmPeriodico	 	2013			MOSAICOS, PAVIMENTAÇÕES DO PLANO E O ENSINO DA GEOMETRIA	X ENEM: Educação Matemática, cultura e diversidade	AFINI, D. C. ; SOUZA JUNIOR, J. C.	Qualis nao identificado	X ENEM: EDUCAÇÃO MATEMÁTICA, CULTURA E DIVERSIDADE
artigoEmPeriodico	 	2013		http://www.scopus.com/scopus/inward/citedby.url?partnerID=bb5nvXTn&rel=R6.0.0&doi=null&md5=f8a2d9f8af7e0fb17f9968fbbee28b49	Solutions in several types of periodicity for partial neutral integro-differential equation	Electronic Journal of Differential Equations	dos Santos, J.P.C; GUZZO, S. M.	Qualis nao identificado	ELECTRONIC JOURNAL OF DIFFERENTIAL EQUATIONS
artigoEmPeriodico	 	2013			Existence of Mild Solutions for Nonlocal Cauchy Problem for Fractional Neutral Integro-Differential Equation with Unbounded Delay	Communications in Mathematical Analysis	dos Santos, José Paulo Carvalho; VIJAYAKUMAR, V. ; MURUGESU, R.	A1	COMMUNICATIONS IN MATHEMATICAL PHYSICS
artigoEmPeriodico	 	2013		http://dx.doi.org/10.1007/s10231-012-0256-z	Eigenvalue decay rates for positive integral operators	Annali di Matematica Pura ed Applicata	FERREIRA, J. C.; MENEGATTO, V. A.	A2	
artigoEmPeriodico	 	2013		http://dx.doi.org/10.1216/JIE-2013-25-1-47	Differentiability of solutions of abstract neutral integro- differential equations	The Journal of Integral Equations and Applications	HENRÍQUEZ, HERNÁN R. ; SANTOS, JOSÉ PAULO C. DOS	Qualis nao identificado	THE JOURNAL OF INTEGRAL EQUATIONS AND APPLICATIONS
artigoEmPeriodico	 	2013		http://dx.doi.org/10.15352/afa/1399899838	Positive definiteness-, -reproducing kernel Hilbert spaces and beyond	Annals of Functional Analysis	J. C. Ferreira; MENEGATTO, V. A.	Qualis nao identificado	ANNALS OF FUNCTIONAL ANALYSIS
artigoEmPeriodico	 	2013			O uso de derivada fracionária na descrição do decaimento não exponencial	SIGMAE	LEMES, N. H. T. ; dos Santos, José Paulo Carvalho ; BRAGA, J. P.	Qualis nao identificado	SIGMAE
artigoEmPeriodico	 	2013			Modelos de Codificação Genética e Genômica gerados através de Códigos Corretores de Erros	SIGMAE	MATOSO, D. E. C. ; QUILLES QUEIROZ, C.R.O.	Qualis nao identificado	SIGMAE
artigoEmPeriodico	 	2013		http://dx.doi.org/10.12988/ams.2013.346	Gradient system with dependence on the gradient at nonlinearity	Applied Mathematical Sciences	MONTEIRO, E	Qualis nao identificado	APPLIED MATHEMATICAL SCIENCES
artigoEmPeriodico	 	2013			Corrida no Ciclo Trigonométrico: Reflexões de uma Professora em Formação no Desenvolvimento do Jogo	X ENEM: Educação Matemática, cultura e diversidade	ODORICO, E. K. ; DE SOUZA, JOSE CARLOS	Qualis nao identificado	X ENEM: EDUCAÇÃO MATEMÁTICA, CULTURA E DIVERSIDADE
artigoEmPeriodico	 	2013			Funções Trigonométricas em VideoAulas: Possível Contribuição para a Aprendizagem	X ENEM: Educação Matemática, cultura e diversidade	OLIVEIRA, H. M. P. ; CARDOSO, A. ; SOUZA JUNIOR, J. C.	Qualis nao identificado	X ENEM: EDUCAÇÃO MATEMÁTICA, CULTURA E DIVERSIDADE
artigoEmPeriodico	 	2013			Análise da aplicação do jogo ?Brinquedos Numéricos? para o ensino de conjuntos numéricos	Revista de Informática Aplicada	PIERINI, L. M. ; VALENTIM, M. A. C. ; CARDOSO, A.	Qualis nao identificado	REVISTA DE INFORMÁTICA APLICADA
artigoEmPeriodico	 	2013		http://dx.doi.org/10.1109/TIT.2013.2266398	Quasi-Perfect Codes from Cayley Graphs over Integer Rings	IEEE Transactions on Information Theory	QUILLES QUEIROZ, CATIA; CAMARERO, CRISTOBAL ; MARTINEZ FERNANDEZ, CARMEN ; PALAZZO, REGINALDO	A1	
artigoEmPeriodico	 	2013			Corrida no ciclo trigonométrico: uma animação para o aprendizado de arcos e ângulos	REVISTA DA UNIVERSIDADE VALE DO RIO VERDE	Sacramento, M. M. ; CARDOSO, A. ; SOUZA JUNIOR, J. C.	Qualis nao identificado	REVISTA DA UNIVERSIDADE VALE DO RIO VERDE
artigoEmPeriodico	 	2013		http://dx.doi.org/10.1590/S1516-73132013000200004	Geometria dinâmica na sala de aula: o desenvolvimento do futuro professor de matemática diante da imprevisibilidade	Ciência & Educação	SILVA, GUILHERME HENRIQUE GOMES DA; PENTEADO, MIRIAM GODOY	A1	
artigoEmPeriodico	 	2012			Analytic Resolvent Operator and Existence Results for Fractional Integro-Differential Equations	JOURNAL OF ABSTRACT DIFFERENTIAL EQUATIONS AND APPLICATIONS	Agarwal, R. P. ; dos Santos, José Paulo C. ; Cuevas, Claudio	Qualis nao identificado	JOURNAL OF ABSTRACT DIFFERENTIAL EQUATIONS AND APPLICATIONS
artigoEmPeriodico	 	2012			Ensino de geometria espacial métrica: uma experiência com modelagem	SIGMAE	CARDOSO, A. ; SOUZA JUNIOR, J. C. ; FRANCO, B. S. C. ; OLIVEIRA, M. J. R.	Qualis nao identificado	SIGMAE
artigoEmPeriodico	 	2012			Existence of solutions for a fractional neutral integro-differential equation with unbounded delay	Electronic Journal of Differential Equations	dos Santos, José Paulo C.; Andrade, Bruno	Qualis nao identificado	ELECTRONIC JOURNAL OF DIFFERENTIAL EQUATIONS
artigoEmPeriodico	 	2012			Asymptotic almost Automorphic and S-Asymptotically W-periodic Solutions to Partial Differential Equations	Advances in Differential Equations and Control Processes	dos Santos, José Paulo C.; Rabelo, Marcos N. ; Henrique, Marcos Luiz	Qualis nao identificado	ADVANCES IN DIFFERENTIAL EQUATIONS AND CONTROL PROCESSES
artigoEmPeriodico	 	2012			Xadrez na Educação Básica e na Universidade	Revista de Extensão da Universidade de Taubaté	FAGUNDES, F. N. ; JULIO, R. S.	Qualis nao identificado	REVISTA DE EXTENSÃO DA UNIVERSIDADE DE TAUBATÉ
artigoEmPeriodico	 	2012		http://dx.doi.org/10.1007/s10688-012-0021-5	Reproducing kernel Hilbert spaces associated with kernels on topological spaces	Functional Analysis and its Applications	FERREIRA, J. C.; MENEGATTO, V. A.	Qualis nao identificado	FUNCTIONAL ANALYSIS AND ITS APPLICATIONS
artigoEmPeriodico	 	2012		http://dx.doi.org/10.1007/s11117-011-0118-8	An extension of Mercer¿s theory to L p	Positivity (Dordrecht)	Ferreira, José C.; Menegatto, Valdir A.	Qualis nao identificado	POSITIVITY
artigoEmPeriodico	 	2012		http://dx.doi.org/10.1002/mana.201100072	Reproducing properties of differentiable Mercer-like kernels	Mathematische Nachrichten	José C. Ferreira; Menegatto, Valdir A.	Qualis nao identificado	MATHEMATISCHE NACHRICHTEN
artigoEmPeriodico	 	2012			O professor de Matemática e a Investigação em Sala de Aula quadro a quadro	BOLETIM GEPEM (ONLINE)	KISTEMANN JUNIOR, M.A. ; SILVA, GUILHERME HENRIQUE GOMES DA	A4	
artigoEmPeriodico	 	2012		http://dx.doi.org/10.5402/2012/956017	Codes over Graphs Derived from Quotient Rings of the Quaternion Orders	ISRN Algebra	QUILLES QUEIROZ, Cátia R. de O.; Palazzo Júnior, Reginaldo	Qualis nao identificado	ISRN ALGEBRA
artigoEmPeriodico	 	2012			R	O.; QUEIROZ, C.R.O.Q. ; Desafios, Consquistas e Ferramentas da Matemática na EAD. SIGMAE	QUILLES, C	Qualis nao identificado	O.; QUEIROZ, C.R.O.Q. ; DESAFIOS, CONSQUISTAS E FERRAMENTAS DA MATEMÁTICA NA EAD. SIGMAE
artigoEmPeriodico	 	2012			Cálculo de Ordem Fracionária e Aplicações	SIGMAE	SANTOS, José Paulo Carvalho dos; CARDOSO, A. ; FERREIRA, E. C. ; FRANCO, J. C. ; SOUZA JUNIOR, J. C.	Qualis nao identificado	SIGMAE
artigoEmPeriodico	 	2012		http://dx.doi.org/10.3895/S1982-873X2012000100002	Ambientes de Geometria Dinâmica: Potencialidades e Imprevistos	Revista Brasileira de Ensino de Ciência e Tecnologia	SILVA, G. H. G	A2	
artigoEmPeriodico	 	2012			Futuros Professores de Matemática e o trabalho em um ambiente de Geometria Dinâmica. Caderno Pedagógico (Lajeado	Online)	SILVA, GUILHERME HENRIQUE GOMES DA	Qualis nao identificado	ONLINE)
artigoEmPeriodico	 	2012			Descobrindo o número pi com geometria dinâmica	SIGMAE	SOUZA JUNIOR, J. C.; CARDOSO, A. ; DIAS, M. M. A.	Qualis nao identificado	SIGMAE
artigoEmPeriodico	 	2011			Conteúdos Didáticos Digitais para Aprendizagem de Funções . Anais do ..	Simpósio Brasileiro de Informática na Educação	CARDOSO, A. ; SOUZA JUNIOR, J. C.	Qualis nao identificado	SIMPÓSIO BRASILEIRO DE INFORMÁTICA NA EDUCAÇÃO
artigoEmPeriodico	 	2011		http://dx.doi.org/10.1155/2011/642013	Existence Results for a Fractional Equation with State-Dependent Delay	Advances in Difference Equations	dos Santos, José Paulo C.; Cuevas, Claudio ; Andrade, Bruno	Qualis nao identificado	ADVANCES IN DIFFERENCE EQUATIONS
artigoEmPeriodico	 	2011		http://www.scopus.com/scopus/inward/citedby.url?partnerID=bb5nvXTn&rel=R6.0.0&doi=null&md5=f8a2d9f8af7e0fb17f9968fbbee28b49	Existence results for neutral integro-differential equations with unbounded delay	The Journal of Integral Equations and Applications	dos Santos, José Paulo C.; HENRIQUEZ, H. ; HERNANDEZ, E.	Qualis nao identificado	THE JOURNAL OF INTEGRAL EQUATIONS AND APPLICATIONS
artigoEmPeriodico	 	2011			Resolvent Operators for a Fractional Integro-Differential Equations	Communications on Applied Nonlinear Analysis	dos Santos, José Paulo Carvalho	Qualis nao identificado	COMMUNICATIONS ON APPLIED NONLINEAR ANALYSIS
artigoEmPeriodico	 	2011		http://dx.doi.org/10.1016/j.camwa.2011.03.048	Existence results for fractional neutral integro-differential equations with state-dependent delay	Computers & Mathematics with Applications (1987)	dos Santos, José Paulo Carvalho; Mallika Arjunan, M. ; Cuevas, Claudio	A2	
artigoEmPeriodico	 	2011			ASYMPTOTICALLY LINEAR FOURTH-ORDER ELLIPTIC PROBLEMS WHOSE NONLINEARITY CROSSES SEVERAL EIGENVALUES	Electronic Journal of Differential Equations	MONTEIRO, E	Qualis nao identificado	ELECTRONIC JOURNAL OF DIFFERENTIAL EQUATIONS
artigoEmPeriodico	 	2011			Contribuições de um grupo de estudos na formação inicial de professores de matemática	Práxis Educacional	SILVA, GUILHERME HENRIQUE GOMES DA	Qualis nao identificado	PRÁXIS EDUCACIONAL
artigoEmPeriodico	 	2011			Considerações sobre a dinâmica de grupos de estudo na formação inicial de professores de matemática	Revista Eletrônica Teccen	SILVA, GUILHERME HENRIQUE GOMES DA	Qualis nao identificado	REVISTA ELETRÔNICA TECCEN
artigoEmPeriodico	 	2011			Atividades investigativas em um ambiente de geometria dinâmica	Revista de Ensino de Ciências e Matemática (REnCiMa)	SILVA, GUILHERME HENRIQUE GOMES DA	A2	
artigoEmPeriodico	 	2010		http://dx.doi.org/10.1016/j.amc.2010.03.019	On state-dependent delay partial neutral functional integro¿differential equations	Applied Mathematics and Computation	dos Santos, José P.C	A2	
artigoEmPeriodico	 	2010		http://www.scopus.com/scopus/inward/citedby.url?partnerID=bb5nvXTn&rel=R6.0.0&doi=null&md5=f8a2d9f8af7e0fb17f9968fbbee28b49	Existence results for a partial neutral integro-differential equation with state-dependent delay	Electronic Journal on the Qualitative Theory of Differential Equations	dos Santos, José Paulo C	Qualis nao identificado	ELECTRONIC JOURNAL ON THE QUALITATIVE THEORY OF DIFFERENTIAL EQUATIONS
artigoEmPeriodico	 	2010		http://dx.doi.org/10.1155/2010/310951	Asymptotically Almost Periodic Solutions for Abstract Partial Neutral Integro-Differential Equation	Advances in Difference Equations	dos Santos, José Paulo C.; Guzzo, Sandro M. ; Rabelo, Marcos N.	Qualis nao identificado	ADVANCES IN DIFFERENCE EQUATIONS
artigoEmPeriodico	 	2010		http://dx.doi.org/10.1016/j.aml.2010.04.016	Asymptotically almost automorphic solutions of abstract fractional integro-differential neutral equations	Applied Mathematics Letters,	dos Santos, José Paulo Carvalho; Cuevas, Claudio	Qualis nao identificado	APPLIED MATHEMATICS LETTERS,
artigoEmPeriodico	 	2009		http://dx.doi.org/10.1016/j.na.2008.10.046	Existence of asymptotically almost automorphic solutions to some abstract partial neutral integro-differential equations. Nonlinear Analysis	Theory, Methods and Applications	Diagana, Toka ; HERNANDEZ, E. ; SANTOS, José Paulo Carvalho dos	Qualis nao identificado	THEORY, METHODS AND APPLICATIONS
artigoEmPeriodico	 	2009		http://dx.doi.org/10.1007/s00020-009-1680-3	Eigenvalues of Integral Operators Defined by Smooth Positive Definite Kernels	Integral Equations and Operator Theory	FERREIRA, J. C.; MENEGATTO, V. A.	Qualis nao identificado	INTEGRAL EQUATIONS AND OPERATOR THEORY
artigoEmPeriodico	 	2009		http://dx.doi.org/10.1007/s11117-008-2240-9	On the nuclearity of integral operators	Positivity (Dordrecht)	Ferreira, José C.; MENEGATTO, V. A. ; Oliveira, C. P.	Qualis nao identificado	POSITIVITY
artigoEmPeriodico	 	2009		http://www.scopus.com/scopus/inward/citedby.url?partnerID=bb5nvXTn&rel=R6.0.0&doi=null&md5=f8a2d9f8af7e0fb17f9968fbbee28b49	Existence results for abstract partial neutral integro-differential equation with unbounded delay	Electronic Journal on the Qualitative Theory of Differential Equations	HERNANDEZ, E. ; HENRIQUEZ, H. ; SANTOS, José Paulo Carvalho dos	Qualis nao identificado	ELECTRONIC JOURNAL ON THE QUALITATIVE THEORY OF DIFFERENTIAL EQUATIONS
artigoEmPeriodico	 	2009			Como encontrar a taxa de um financiamento?	REVISTA DO PROFESSOR DE MATEMÁTICA	SOUZA JUNIOR, J. C. ; CARDOSO, A.	Qualis nao identificado	REVISTA DO PROFESSOR DE MATEMÁTICA
artigoEmPeriodico	 	2009			Estudo das cônicas com geometria dinâmica.	REVISTA DO PROFESSOR DE MATEMÁTICA	SOUZA JUNIOR, J. C. ; CARDOSO, A.	Qualis nao identificado	REVISTA DO PROFESSOR DE MATEMÁTICA
artigoEmPeriodico	 	2009			Duas Comprovações do Teorema de Pitágoras com Geometria Dinâmica.	REVISTA ELETRÔNICA DE MATEMÁTICA	SOUZA JUNIOR, J. C.; CARDOSO, A. ; COSTA, T. D. M.	Qualis nao identificado	REVISTA ELETRÔNICA DE MATEMÁTICA
artigoEmPeriodico	 	2008		http://dx.doi.org/10.5540/tema.2008.09.02.0233	Linear Multistep Methods and Order Stars: Some Properties	Tendências em Matemática Aplicada e Computacional	FERREIRA, J. C.; MEIRA, S. A. ; NOGUEIRA, J. R. ; MENEGUETTE JUNIOR, Messias	B4	TEMA. TENDÊNCIAS EM MATEMÁTICA APLICADA E COMPUTACIONAL
artigoEmPeriodico	 	2008		http://dx.doi.org/10.1016/j.jco.2008.04.001	Integral operators on the sphere generated by positive definite smooth kernels	Journal of Complexity (Print)	FERREIRA, J. C.; MENEGATTO, V. A. ; PERON, A. P.	Qualis nao identificado	JOURNAL OF COMPLEXITY
artigoEmPeriodico	 	2007		http://dx.doi.org/10.1080/00036810601148216	Existence results for partial neutral integro-differential equation with unbounded delay	Applicable Analysis	Eduardo, Hernández ; Santos, José P. C. Dos	Qualis nao identificado	APPLICABLE ANALYSIS
artigoEmPeriodico	 	2007		http://dx.doi.org/10.4171/ZAA/1329	Asymptotically Almost Periodic and Almost Periodic Solutions for Partial Neutral Integrodifferential Equations	Zeitschrift für Analysis und Ihre Anwendungen,	Henríquez, Hernán ; Hernández M., Eduardo ; dos Santos, José	Qualis nao identificado	ZEITSCHRIFT FÜR ANALYSIS UND IHRE ANWENDUNGEN,
artigoEmPeriodico	 	2006			Asymptotically Almost Periodic and Almost Periodic Solutions for a class of Partial Integrodifferential Equation	Electronic Journal of Differential Equations	HERNANDEZ, E. ; SANTOS, José Paulo Carvalho dos	Qualis nao identificado	ELECTRONIC JOURNAL OF DIFFERENTIAL EQUATIONS
artigoEmPeriodico	 	2006			Output-only structural identification of random vibrating systems	Journal of the Brazilian Society of Mechanical Sciences and Engineering, Rio de Janeiro/RJ	MUCHERONI, M. F. ; CARDOSO, A.	A4	JOURNAL OF THE BRAZILIAN SOCIETY OF MECHANICAL SCIENCES AND ENGINEERING
artigoEmPeriodico	 	2005			Aplicações da Teoria dos Grafos	Expressão (Guaxupé)	GOECKING, L. B	Qualis nao identificado	EXPRESSÃO
artigoEmPeriodico	 	2005		http://dx.doi.org/10.1017/s001708950500248x	D-SIMPLE RINGS AND PRINCIPAL MAXIMAL IDEALS OF THE WEYL ALGEBRA	GLASGOW MATHEMATICAL JOURNAL, Glasgow	Lequain, Yves ; Levcovitz ; SOUZA JUNIOR, J. C.	Qualis nao identificado	GLASGOW MATHEMATICAL JOURNAL, GLASGOW
artigoEmPeriodico	 	2004		http://www.scopus.com/scopus/inward/citedby.url?partnerID=bb5nvXTn&rel=R6.0.0&doi=null&md5=f8a2d9f8af7e0fb17f9968fbbee28b49	Asymptotically almost periodic and almost periodic solutions for a class of evolution equations	Electronic Journal of Differential Equations, Texas State University-San Mar	HERNANDEZ, E. ; SANTOS, José Paulo Carvalho dos ; PELICER, M. L.	Qualis nao identificado	ELECTRONIC JOURNAL OF DIFFERENTIAL EQUATIONS, TEXAS STATE UNIVERSITY-SAN MAR
artigoEmPeriodico	 	2004			Aplicação do algoritmo ERA diretamente a dados no domínio do tempo utilizando pseudo-entradas	Revista Iberoamericana de Ingeniería Mecânica	MUCHERONI, M. F. ; CARDOSO, A.	Qualis nao identificado	REVISTA IBEROAMERICANA DE INGENIERÍA MECÂNICA
trabalhoCompletoEmCongresso	 	2024		Detecção de Câncer de Pâncreas utilizando Redes Neurais Baseadas na Teoria Ressonância Adaptativa	V Congresso Brasileiro Interdisciplinar em Ciência e Tecnologia	B. C. DEBS ; SILVA, R. J. ; MORENO, A. L.		
trabalhoCompletoEmCongresso	 	2024		Classificação de Tumores Cerebrais em Imagens de Ressonância Magnética Utilizando uma Rede Neural Convolucional	V Congresso Brasileiro Interdisciplinar em Ciência e Tecnologia	L. C. L. Ferreira ; COSTA, A. L. C. ; MORENO, A. L.		
trabalhoCompletoEmCongresso	 	2024		A educação matemática crítica e a discusão de sexismo e racismo no novo ensino médio: diálogos interseccionais	Encontro dos Professores	PRADO, T. G. ; SILVA, GUILHERME HENRIQUE GOMES DA		
trabalhoCompletoEmCongresso	 	2024	http://dx.doi.org/10.1007/978-3-030-11518-0_6	Ciclos de Formação para a Educação Matemática Crítica: uma proposta para a formação de professores de matemática	Encontro dos Professores	SANTIAGO, M. F. M. ; SILVA, GUILHERME HENRIQUE GOMES DA ; JULIO, REJANE SIQUEIRA		
trabalhoCompletoEmCongresso	 	2024	http://dx.doi.org/10.22533/at.ed.80519071022	Comparação entre Técnicas de Extração de Características para a Classificação de Arritmias Cardíacas	VIII ERMAC Regional 9 ? Ilha Solteira	SILVA, R. J. ; CHAUCANES, P. A. M. ; COSTA, A. L. C. ; FARIA, A. S. S. ; MORENO, A. L. ; LOPES, M. L. L.		
trabalhoCompletoEmCongresso	 	2024		Classificação de Parkinson Usando as Características da Voz pela Rede Neural Elipsoide ART Autoexpansível	V Congresso Brasileiro Interdisciplinar em Ciência e Tecnologia	SILVA, R. J. ; COSTA, A. L. C. ; LOPES, M. L. L. ; MORENO, A. L.		
trabalhoCompletoEmCongresso	 	2023		Cenários para investigação na formação continuada de professores que ensinam matemática nos anos iniciais do Ensino Fundamental	VI Congresso Nacional de Formação de Professores e XVI Congresso Estadual Paulista sobre Formação de Educadores	AFINI, D. C. ; SILVA, GUILHERME HENRIQUE GOMES DA		
trabalhoCompletoEmCongresso	 	2023		Rede Neural Autoexpansível Baseada na Teoria da Ressonância Adaptativa para a Identificação de Desordens no Fígado	IV Congresso Brasileiro Interdisciplinar em Ciência e Tecnologia	CANDIDO, M. R. A. ; MORENO, ANGELA L.		
trabalhoCompletoEmCongresso	 	2023		Permanências, mudanças e possibilidades na formação relacionada à(s) matemática(s) em cursos de Pedagogia	IX Congresso Iberoamericano de Educação Matemática	JULIO, R. S		
trabalhoCompletoEmCongresso	 	2023	http://dx.doi.org/10.29388/978-85-53111-55-8-0-f.85-106	Categorias do cotidiano e Modelo dos Campos Semânticos	VI Congresso Nacional de Formação de Professores e XVI Congresso Estadual Paulista sobre Formação de Educadores	NEVES, S. M. F. C. ; JULIO, R. S. ; OLIVEIRA, V. C. A.		
trabalhoCompletoEmCongresso	 	2023		SOBRE A IMPLANTAÇÃO DA BNC-FORMAÇÃO EM CURSOS DE PEDAGOGIA DE MINAS GERAIS: O CASO DE DISCIPLINAS QUE ENVOLVEM MATEMÁTICA	VI Congresso Nacional de Formação de Professores e XVI Congresso Estadual Paulista sobre Formação de Educadores	OLIVEIRA, V. N. ; JULIO, R. S.		
trabalhoCompletoEmCongresso	 	2023		FORMAÇÃO DOCENTE E EDUCAÇÃO MATEMÁTICA CRÍTICA: UMA PROPOSTA PARA FORMAÇÃO INICIAL DE PROFESSORES/AS DE MATEMÁTICA	VI Congresso Nacional de Formação de Professores e XVI Congresso Estadual Paulista sobre Formação de Educadores	SANTIAGO, M. F. M. ; SILVA, GUILHERME HENRIQUE GOMES DA ; JULIO, REJANE SIQUEIRA		
trabalhoCompletoEmCongresso	 	2023	http://dx.doi.org/10.5540/03.2023.010.01.0117	Well posedness for rabies disease epidemic models for bovine and bats populations with spatial diffusion	v. 10 n. 1 (2023): CNMAC 2023	SANTOS, JOSÉ PAULO CARVALHO DOS ; MONTEIRO, EVANDRO ; PEREIRA, ANA CLAUDIA		
trabalhoCompletoEmCongresso	 	2023		Rede Neural Fuzzy Auto-Expansível Baseada na Teoria da Ressonância Adaptativa Para Detecção de Sites de Phishing	IV Congresso Brasileiro Interdisciplinar em Ciência e Tecnologia	SILVA, G. H. S. ; SILVA, R. J. ; MORENO, ANGELA L.		
trabalhoCompletoEmCongresso	 	2022		Investigando índices de massa corporal com a utilização de planilhas eletrônicas: uma experiência com cenários para investigação na formação inicial de futuros professores de matemática	XIV Encontro Nacional de Educação Matemática	AFINI, D. C. ; SILVA, GUILHERME HENRIQUE GOMES DA		
trabalhoCompletoEmCongresso	 	2022		QUANDO NÃO SE SABE QUE MATEMÁTICA SERÁ ENCONTRADA EM UM CURSO DE PEDAGOGIA	XIV Encontro Nacional de Educação Matemática	JULIO, R. S.; SOUSA, L. B. ; NOGUEIRA, D. A.		
trabalhoCompletoEmCongresso	 	2022		O USO DO GOOGLE FORMULÁRIOS DURANTE O ENSINO REMOTO: UMA EXPERIÊNCIA NO ENSINO MÉDIO	XIV Encontro Nacional de Educação Matemática	PEREIRA, M. I. ; JULIO, R. S. ; LIMA, D. C.		
trabalhoCompletoEmCongresso	 	2022		Estudantes Negros em cursos superiores de exatas na Unifal-MG: ocupação das vagas e implicações para a educação matemática	XIV Encontro Nacional de Educação Matemática	QUINTINO, E. O. ; LOPES, Ronaldo André. ; SILVA, GUILHERME HENRIQUE GOMES DA		
trabalhoCompletoEmCongresso	 	2022		UMA LEITURA A PARTIR DE PESQUISAS BIBLIOGRÁFICAS SOBRE A RELAÇÃO DE ESTUDANTES E SEUS FAMILIARES COM AS PRÁTICAS ESCOLARES E A DISCIPLINA DE MATEMÁTICA	XIV Encontro Nacional de Educação Matemática	ROCHA FILHO, E. V. ; JULIO, R. S.		
trabalhoCompletoEmCongresso	 	2022		Microagressões raciais no ensino superior: procedimentos da adaptação instrumental para a cultura brasileira	XIV Encontro Nacional de Educação Matemática	SILVA JUNIOR, E. A. ; SILVA, GUILHERME HENRIQUE GOMES DA		
trabalhoCompletoEmCongresso	 	2022		REDE NEURAL COM TREINAMENTO CONTINUADO NA DETECÇÃO DO CÂNCER DE PÂNCREAS	Congresso Brasileiro Interdisciplinar em Ciência e Tecnologia: ?15 anos dos BIs e LIs: retrospectiva	SILVA, R. J. ; COSTA, A. L. C. ; LOPES, M. L. L. ; MORENO, A. L.		
trabalhoCompletoEmCongresso	 	2021		Uma experiência com fractais no Ensino Médio em regime remoto	IX EMEM- Encontro Mineiro de Educação Matemática	CARDOSO, R. F. ; FIGUEIREDO, N. N. ; JULIO, R. S.		
trabalhoCompletoEmCongresso	 	2021	http://dx.doi.org/10.5540/03.2021.008.01.0363	Análise das propriedades físico-químicas dos aminoácidos por meio das distâncias de Hamming associadas ao rotulamento C do código genético	CNMAC 2021 XL Congresso Nacional de Matemática Aplicada e Computacional	FERNANDES, ROBERTA SIQUEIRA ; OLIVEIRA, ANDERSON JOSÉ DE		
trabalhoCompletoEmCongresso	 	2021		A Matemática do Matemático na formação inicial de pedagogas	VIII Seminário Internacional de Pesquisa em Educação Matemática	JULIO, R. S.; PAULO, J. P. A.		
trabalhoCompletoEmCongresso	 	2021		Microagressões raciais no ensino superior no âmbito das ciências exatas	Encontro Mineiro de Educação Matemática	SILVA JUNIOR, E. A. ; SILVA, GUILHERME HENRIQUE GOMES DA		
trabalhoCompletoEmCongresso	 	2020		Criação de cenários para investigação remotamente com pessoas idosas em situação de isolamento social	II Encontro Nacional de Educação Matemática Inclusiva	CARDOSO, R. F. ; NEVES, S. M. F. C. ; LOPES, Ronaldo André. ; SILVA, GUILHERME HENRIQUE GOMES DA ; JULIO, R. S.		
trabalhoCompletoEmCongresso	 	2020		Análise das propriedades físico-químicas dos aminoácidos por meio das distâncias de Hamming associadas ao rotulamento B do código genético	X ERMAC-RS Encontro Regional de Matemática Aplicada e Computacional	FERNANDES, R. S. ; OLIVEIRA, A. J.		
trabalhoCompletoEmCongresso	 	2020	http://dx.doi.org/10.5753/ctrle.2020.11433	Uma Experiência com Pessoas Idosas por Meio dos Poliminós e de Tecnologias Digitais	V Congresso sobre tecnologias na Educação	LOPES, Ronaldo André. ; SILVA, GUILHERME HENRIQUE GOMES DA ; JULIO, REJANE SIQUEIRA		
trabalhoCompletoEmCongresso	 	2020		A Lei de Cotas na Universidade Federal de Alfenas: uma análise da taxa de ocupação das vagas em 2019	Encuentro Internacional de investigación en Educación Matemática	QUINTINO, E. O. ; LOPES, Ronaldo André. ; da SILVA, GUILHERME HENRIQUE GOMES		
trabalhoCompletoEmCongresso	 	2020		Acesso de estudantes público-alvo da Lei de Cotas na UNIFAL-MG em 2019: implicações para a educação matemática inclusiva	II Encontro Nacional de Educação Matemática Inclusiva	QUINTINO, E. O. ; LOPES, Ronaldo André. ; SILVA, GUILHERME HENRIQUE GOMES DA		
trabalhoCompletoEmCongresso	 	2019		Um panorama sobre o tratamento da integração social e acadêmica de estudantes beneficiários de ações afirmativas em periódicos brasileiros	XIII Encontro Nacional de Educação Matemática (XIII ENEM)	ABREU, T. F. ; LOPES, Ronaldo André. ; SILVA, GUILHERME HENRIQUE GOMES DA		
trabalhoCompletoEmCongresso	 	2019	http://dx.doi.org/10.37885/201202526	CONSTRUINDO SEU FRACTAL: EXPERIÊNCIAS A PARTIR DE OFICINAS	XIII Encontro Nacional de Educação Matemática	José C. Ferreira, J. C. Ferreira; Júlio, R. S.		
trabalhoCompletoEmCongresso	 	2019		O impacto das ações afirmativas no ingresso e permanência de estudantes do curso de Matemática da UNIFAL-MG	Brazilian Society of Computational and Applied Mathematics	LOPES, Ronaldo André. ; SILVA, GUILHERME HENRIQUE GOMES DA		
trabalhoCompletoEmCongresso	 	2019		O impacto das ações afirmativas no ingresso e permanência de estudantes do curso de Licenciatura em Matemática da UNIFAL-MG	XIII Encontro Nacional de Educação Matemática	LOPES, Ronaldo André. ; SILVA, GUILHERME HENRIQUE GOMES DA		
trabalhoCompletoEmCongresso	 	2019		EDUCAÇÃO MATEMÁTICA E LITERATURA INFANTIL	XIII Encontro Nacional de Educação Matemática	REIS, C. M. ; JULIO, R. S. ; EUFRASIO, D. A.		
trabalhoCompletoEmCongresso	 	2019		Microexclusões na educação matemática: alguns apontamentos	XII Encontro Nacional de Educação Matemática (XII ENEM)	SILVA, GUILHERME HENRIQUE GOMES DA		
trabalhoCompletoEmCongresso	 	2019		CONTRIBUIÇÕES PARA A FORMAÇÃO INICIAL DE PROFESSORES DE MATEMÁTICA ENGAJADOS EM UM PROJETO EXTENSIONISTA DIRECIONADO AO PÚBLICO IDOSO	XIII Encontro Nacional de Educação Matemática	SILVA, N. ; SILVA, G. H. G. ; JULIO, R. S.		
trabalhoCompletoEmCongresso	 	2019		Contribuições para a formação inicial de matemática engajados em um projeto extensionista direcionado ao público idoso	XIII Encontro Nacional de Educação Matemática	SILVA, N. ; SILVA, GUILHERME HENRIQUE GOMES DA ; JULIO, REJANE SIQUEIRA		
trabalhoCompletoEmCongresso	 	2019		Diagnóstico da Doença de Parkinson via Rede Neural Fast ART Euclidiana	XIV Conferência Brasileira de Dinâmica	SILVA, R. J. ; MORENO, A. L.		
trabalhoCompletoEmCongresso	 	2019		Microexclusões relacionadas ao conteúdo matemático e a formação de futuras pedagogas de um curso na modalidade a distância	XIII Encontro Nacional de Educação Matemática	SILVA, Sandra Maria da ; SILVA, GUILHERME HENRIQUE GOMES DA		
trabalhoCompletoEmCongresso	 	2018	http://dx.doi.org/10.5540/03.2018.006.01.0456	Uniformização de Curvas Algébricas Planares via EDOs Fuchsianas no Estudo de Sistemas de Comunicação	CNMAC 2017 XXXVII Congresso Nacional de Matemática Aplicada e Computacional	DE OLIVEIRA, ANDERSON JOSÉ; PALAZZO JÚNIOR, REGINALDO		
trabalhoCompletoEmCongresso	 	2018		Pesquisa em Educação Matemática e relações étnico-raciais	XXII Encontro Nacional de Estudantes de Pós-Graduação em Educação Matemática	FORDE, G. H. A. ; SILVA, GUILHERME HENRIQUE GOMES DA		
trabalhoCompletoEmCongresso	 	2018		Práticas Matemáticas na formação e na atuação profissional de engenheiros	VII SIPEM (Seminário Internacional de Pesquisa em Educação Matemática)	JULIO, R. S		
trabalhoCompletoEmCongresso	 	2018		Políticas de ações afirmativas no ensino superior e equidade: qual o papel da Educação Matemática?	Seminário Internacional de Pequisa em Educação Matemática	SILVA, GUILHERME HENRIQUE GOMES DA		
trabalhoCompletoEmCongresso	 	2018		Contribuições das tecnologias digitais educacionais para o desenvolvimento da noção de adição por estudantes com transtorno do espectro autista	Seminário Internacional de Pesquisa em Educação Matemática	SOUZA, Andiara Cristina de ; SILVA, GUILHERME HENRIQUE GOMES DA		
trabalhoCompletoEmCongresso	 	2017		Macroinclusion and Microexclusion in Mathematics Education	9th International Mathematics Education and Society Conference (MES)	FAUSTINO, A. C. ; MOURA, A. Q. ; SILVA, GUILHERME HENRIQUE GOMES DA ; MUZINATTI, J. L. ; SKOVSMOSE, OLE		
trabalhoCompletoEmCongresso	 	2017		O Círculo Quadrado como Possibilidade de Discutir Matemática e Filosofia da Matemática	VII CONGRESSO INTERNACIONAL DE ENSINO DE MATEMÁTICA - 2017	JULIO, Rejane Siqueira; FERREIRA, J. C.		
trabalhoCompletoEmCongresso	 	2017		A formação matemática de futuros pedagogos antes de ingressarem no curso de Pedagogia	VII Congresso Internacional de Ensino de Matemática (CIEM)	JULIO, R. S. ; SILVA, GUILHERME HENRIQUE GOMES DA		
trabalhoCompletoEmCongresso	 	2017		Global stability of fractional SIR epidemic model	XXXVI Congresso Nacional de Matemática Aplicada e Computacional	SANTOS, JOSÉ PAULO C. DOS; MONTEIRO, E. ; VIEIRA, G. B.		
trabalhoCompletoEmCongresso	 	2017		Educação Matemática e atividades investigativas com pessoas idosas: contribuições para o 'raciocínio' e a interação social	VII Congresso Internacional de Ensino de Matemática (CIEM)	SILVA, B. B. ; SILVA, N. ; SILVA, GUILHERME HENRIQUE GOMES DA		
trabalhoCompletoEmCongresso	 	2017		A Educação Matemática na Formação do Pedagogo em um Curso na Modalidade a Distância	VII Congresso Internacional de Ensino de Matemática (CIEM)	SILVA, Sandra Maria da ; SILVA, GUILHERME HENRIQUE GOMES DA		
trabalhoCompletoEmCongresso	 	2017		Tecnologias Digitais da Informação e Comunicação no processo inicial de alfabetização matemática de um estudante autista	VII Congresso Internacional de Ensino de Matemática (CIEM)	SOUZA, Andiara Cristina de ; SILVA, GUILHERME HENRIQUE GOMES DA		
trabalhoCompletoEmCongresso	 	2016	http://dx.doi.org/10.5540/03.2017.005.01.0019	Global stability of fractional SIR epidemic model	CNMAC 2016 XXXVI Congresso Nacional de Matemática Aplicada e Computacional	DOS SANTOS, JOSE' PAULO CARVALHO ; MONTEIRO, EVANDRO ; VIEIRA, GUSTAVO BORGES		
trabalhoCompletoEmCongresso	 	2016		Ações afirmativas no ensino superior e educação matemática: discutindo a questão da permanência do estudante	XII Encontro Nacional de Educação Matemática (XII ENEM)	SILVA, GUILHERME HENRIQUE GOMES DA		
trabalhoCompletoEmCongresso	 	2015	http://dx.doi.org/10.5540/03.2015.003.01.0158	Um estudo sobre equações diferenciais fuchsianas e as relações com as superfícies associadas às tesselações de Farey	XXXV CNMAC Congresso Nacional de Matemática Aplicada e Computacional	OLIVEIRA, ANDERSON J.; PALAZZO JR., REGINALDO		
trabalhoCompletoEmCongresso	 	2015		Ações afirmativas, ensino superior e educação matemática	V - Seminário Nacional de Histórias e Investigações de/em aulas de Matemática - SHIAM	SILVA, GUILHERME HENRIQUE GOMES DA		
trabalhoCompletoEmCongresso	 	2014		Ações Afirmativas e Educação Matemática: Estratégias Pedagógicas de Permanência no Cenário Universitário	VII COPENE 2014 - Congresso Brasileiro de Pesquisadores Negros	SILVA, G. H. G		
trabalhoCompletoEmCongresso	 	2014		Educação matemática na terceira idade: uma experiência com atividades manipulativas	Encontro Paulista de Educação Matemática - EPEM	SILVA, G. H. G.; LIMA, L.F.		
trabalhoCompletoEmCongresso	 	2014		Equidade no ensino superior brasileiro: discutindo o papel da educação matemática frente as políticas de ações afirmativas para grupos minoritários	Colóquio Internacional Justiça	SILVA, GUILHERME HENRIQUE GOMES DA		
trabalhoCompletoEmCongresso	 	2013	http://dx.doi.org/10.5753/cbie.wie.2013.250	Explorando o SuperLogo na formação inicial de professores de matemática por meio da construção de pavimentações do plano: aprendendo com a sua criatividade	XIX Workshop de Informática na Escola	AFINI, D. C. ; SOUZA JUNIOR, J. C. ; CARDOSO, A.		
trabalhoCompletoEmCongresso	 	2013		Tabuada Legal: um jogo sério para o ensino de multiplicações	XXIV Simpósio Brasileiro de Informática na Educação	CARDOSO, A.; GIRALDELLO, A. G. C. ; BATISTA, N. A. M.		
trabalhoCompletoEmCongresso	 	2013		O uso de objetos de aprendizagem em um processo de produção de significados sobre trigonometria	VII Congresso Iberoamericano de Educación Matemática	DANTAS, S. C. ; JULIO, R. S.		
trabalhoCompletoEmCongresso	 	2013		Análise Algébrica do Código Genético Através da Representação Polinomial dos Códons	CMAC Centro Oeste	OLIVEIRA, A. J.; PALAZZO JUNIOR, R.		
trabalhoCompletoEmCongresso	 	2013		Funções Trigonométricas em videoaulas	XI Encontro Nacional de Educação Matemática	OLIVEIRA, H. M. P. ; CARDOSO, A. ; SOUZA JUNIOR, J. C.		
trabalhoCompletoEmCongresso	 	2013		Algebrização: reflexões sobre uma prática	XI Encontro Nacional de Educação Matemática	SANTOS, C. S. ; CARDOSO, A. ; SACRAMENTO, M. M.		
trabalhoCompletoEmCongresso	 	2013		Ações afirmativas no ensino superior e sua relação com a Educação Matemática	XI Encontro Nacional de Educação Matemática	SILVA, G. H. G		
trabalhoCompletoEmCongresso	 	2013		O software Geogebra e o trabalho com atividades investigativas na formação de professores	XI Encontro Nacional de Educação Matemática	SILVA, G. H. G		
trabalhoCompletoEmCongresso	 	2013		Políticas de cotas nas Universidades Brasileiras e seus reflexos na Educação Matemática	VII CIBEM - Congresso Iberoamericano de Educacion Matemática	SILVA, G. H. G		
trabalhoCompletoEmCongresso	 	2012		Os efeitos da meritocracia nas escolas de Chicago: o que o Brasil deveria aprender	XII Encontro Estadual da ANPAE-SP/VIII Encontro Regional da ANPAE Sudeste	DALBEN, A. ; CASTRO, J. F. C. ; BORGES, M. ; JULIO, R. S.		
trabalhoCompletoEmCongresso	 	2012		Análise do não uso do laboratório de informática nas escolas pública e estudo de caso	Congresso Brasileiro de Informática na Educação	ODORICO, E. K. ; NUNES, D. M. ; MOREIRA, A. ; OLIVEIRA, H. M. P. ; CARDOSO, A.		
trabalhoCompletoEmCongresso	 	2012		Brinquedos numéricos: um jogo para o ensino dos conjuntos numéricos	Congresso Brasileiro de Informática na Educação	PIERINI, L. M. ; VALENTIM, M. A. C. ; CARDOSO, A.		
trabalhoCompletoEmCongresso	 	2011		Conteúdos Didáticos Digitais para Aprendizagem de Funções	XXII Simpósio Brasileiro de Informática na Educação	CARDOSO, A.; SOUZA JUNIOR, J. C.		
trabalhoCompletoEmCongresso	 	2011	http://dx.doi.org/10.1007/978-3-319-17296-5_34	Geometrically Uniform Quasi-Perfect Codes Derived from Graphs over Integer Rings	3rd International Castle Meeting on Coding Theory and Applications	QUILLES, C. R. O.; QUEIROZ, C.R.O.Q. ; PALAZZO JUNIOR, R.		
trabalhoCompletoEmCongresso	 	2010		História da matemática em livros didáticos de primeira a quarta série (ou do primeiro ao quinto ano): um estudo preliminar	X Encontro Nacional de Educação Matemática: educação matemática	JULIO, R. S		
trabalhoCompletoEmCongresso	 	2010		Análise da Estabilidade Transitória de Sistemas de Energia Elétrica usando uma Rede Neural ART Euclidiana & ARTMAP com Treinamento Continuado	INTERTECH 2010 - International Conference on Engineering and Technology Education	MORENO, A. L.; Minussi, C. R.		
trabalhoCompletoEmCongresso	 	2010	http://dx.doi.org/10.1109/ISIT.2010.5513673	Quasi-perfect geometrically uniform codes derived from graphs over Gaussian integer rings	International Symposium on Information Theory	QUILLES, C. R. O.; PALAZZO JUNIOR, R.		
trabalhoCompletoEmCongresso	 	2010		Contribuições de um grupo de estudos na formação inicial de professores de Matemática	X Encontro Paulista de Educação Matemática	SILVA, G. H. G		
trabalhoCompletoEmCongresso	 	2010		Grupos de estudo na formação inicial de professores de Matemática	III SHIAM - Seminário de Histórias e Investigações de / em aulas de matemática	SILVA, G. H. G.; PENTEADO, M.G.		
trabalhoCompletoEmCongresso	 	2009		Integral operators defined by positive definite kernels and the Schatten p-classes	69 SBA	FERREIRA, J. C.; MENEGATTO, V. A.		
trabalhoCompletoEmCongresso	 	2009		Análise da Estabilidade Transitória de Sistemas Elétricos usando uma Rede Neural Euclidiana ART&ARTMAP	Seminário Brasileiro de Análise	MORENO, A. L.; Minussi, C. R.		
trabalhoCompletoEmCongresso	 	2009		O trabalho docente com geometria dinâmica em uma perspectiva investigativa	IX Encontro de pesquisa em educação da região sudeste - Anpedinha	SILVA, G. H. G		
trabalhoCompletoEmCongresso	 	2009		Grupos de estudos na elaboração de atividades de geometria dinâmica	X Congresso Estadual Paulista sobre formação de educadores	SILVA, G. H. G		
trabalhoCompletoEmCongresso	 	2009		O desenvolvimento de atividades de geometria dinâmica através de um grupo de estudos	Encontro Brasileiro de Estudantes de Pós Graduação em Educação Matemática - EBRAPEM	SILVA, G. H. G		
trabalhoCompletoEmCongresso	 	2009		O trabalho com geometria dinâmica em uma perspectiva investigativa	I Simpósio Nacional de Ensino de Ciência e Tecnologia - SINECT	SILVA, G. H. G.; PENTEADO, M.G.		
trabalhoCompletoEmCongresso	 	2008		Order stars e métodos lineares de passos múltiplos: Estudo de algumas propriedades	DINCON' 2008	José Claudinei Ferreira; MENEGUETTE JUNIOR, M. ; NOGUEIRA, J. R. ; MEIRA, S. A.		
trabalhoCompletoEmCongresso	 	2008		A Informática e o Trabalho Docente: a Geometria numa Perspectiva Investigativa	XI - EBRAPEM - Encontro Brasileiro de Estudantes de pós-graduação em Educação Matemática	SILVA, G. H. G		
trabalhoCompletoEmCongresso	 	2006		A Produção de Significados para Dimensão	X Ebrapem-Encontro Brasileiro de Estudantes de Pós-graduação em Educação Matemática	JULIO, R. S		
trabalhoCompletoEmCongresso	 	2005		Matemática Escolar e Diversidade Cultural	XI Encontro Baiano de Educação Matemática	JULIO, R. S.; DETONI, A R.		
trabalhoCompletoEmCongresso	 	2005		Múltiplas Multiplicações	XI Encontro Baiano de Educação Matemática: matemática e diversidade cultural	JULIO, R. S.; DETONI, A R. ; CLARETO, S. M.		
trabalhoCompletoEmCongresso	 	2005		Uma nota sobre discriminante mínimo	XXVIII Congresso Nacional de Matemática Aplicada e Computacional	QUILLES, C. R. O		
trabalhoCompletoEmCongresso	 	2005		Discriminante mínimo de subcorpos de Q(\zeta_{p^{r}})	XXII Simpósio Brasileiro de Telecomunicações	QUILLES, C. R. O		
trabalhoCompletoEmCongresso	 	2004		Múltiplas Multiplicações	VII EPEM	JULIO, R. S.; DETONI, A R. ; CLARETO, S. M.		
trabalhoCompletoEmCongresso	 	2004		Dicotomia exponencial e admissibilidade em equações diferenciais com impulso	Seminário Brasileiro de Análise	MORENO, A. L.; FEDERSON, M.		
resumoExpandidoEmCongresso	 	2024	Estudo da dinâmica epidemiológica da AIDS utilizando o Excel	II Encontro Mineiro do Profmat, 2024, Florestal. Anais do Encontro Mineiro do Profmat. Florestal: Even3	MONTEIRO, EVANDRO		
resumoExpandidoEmCongresso	 	2024	Contributions to in-service primary teachers practice from their engagement in mathematics landscapes of investigation	2 Seminário Internacional do Programa Linsiano de Investigação em Educação Matemática, 2024, Almada. Anais do Seminário Linsiano - Seminário de Investigação em Educação Financeira Escolar e Educação Matemática. Almada: Universidade Nova de Lisboa	SILVA, GUILHERME HENRIQUE GOMES DA; PONTE, J. P.		
resumoExpandidoEmCongresso	 	2024	Jogos de Tabuleiro no Ensino de Números Inteiros: Uma Abordagem Socioconstrutivista	II Encontro Mineiro do PROFMAT, 2024, Florestal-MG. Anais do Encontro Mineiro do Profmat	Silva, L. G. A. ; QUILLES QUEIROZ, C.R.O.		
resumoExpandidoEmCongresso	 	2022	ALCANCE DA LEI DE COTAS EM CURSOS DA ÁREA DE CIÊNCIAS EXATAS: IMPLICAÇÕES PARA A EDUCAÇÃO MATEMÁTICA	I Encontro Nacional de Neurociência Cognitiva e Educação Matemática, 2022, Caicó-RN. Anais	QUINTINO, E. O. ; SILVA JUNIOR, E. A. ; SILVA, G. H. G.		
resumoExpandidoEmCongresso	 	2022	CENÁRIOS PARA INVESTIGAÇÃO PARA O DESENVOLVIMENTO DE ASPECTOS SOCIOPOLÍTICOS DA MATEMACIA NAS AULAS DE MATEMÁTICA DO ENSINO BÁSICO	I Encontro Nacional de Neurociência Cognitiva e Educação Matemática, 2022, Caicó-RN. Anais do I Encontro Nacional de Neurociência Cognitiva e Educação Matemática: Todos(as) podem aprender matemática?	SANTIAGO, M. F. M. ; SILVA, A. M. ; BELO, P. ; SILVA, G. H. G.		
resumoExpandidoEmCongresso	 	2022	CENÁRIOS PARA INVESTIGAÇÃO NAS AULAS DE MATEMÁTICA: POSSIBILIDADES NA EDUCAÇÃO BÁSICA	I Encontro Nacional de Neurociência Cognitiva e Educação Matemática, 2022, Caicó-RN. Anais do I Encontro Nacional de Neurociência Cognitiva e Educação Matemática: Todos(as) podem aprender matemática?	SANTOS, R. V. ; BELO, P. ; SILVA, G. H. G.		
resumoExpandidoEmCongresso	 	2021	Um jogo para consolidação de conceitos matemáticos	Congresso Brasileiro Interdisciplinar em Ciência e Tecnologia, 2021. Anais do Congresso Brasileiro Interdisciplinar em Ciência e Tecnologia.. Diamantina(MG): Even3	CABRAL, D. C. P. ; MORENO, A. L.		
resumoExpandidoEmCongresso	 	2021	Um Jogo para Consolidação de Conceitos Matemáticos	II Congresso Brasileiro Interdisciplinar de Ciência e Tecnologia, 2021. Anais do Congresso Brasileiro Interdisciplinar de Ciência e Tecnologia. Recife: Even3	CABRAL, D. C. P. ; MORENO, ANGELA L.		
resumoExpandidoEmCongresso	 	2021	Rede Neural ART Fuzzy Autoexpansível na previsão de sobrevida de pacientes com insuficiência cardíaca	Anais do Congresso Brasileiro Interdisciplinar em Ciência e Tecnologia, 2021, UFVJM. Anais do(a) Anais do Congresso Brasileiro Interdisciplinar em Ciência e Tecnologia. Recife: Even3	FERNANDES, MARIA LUIZA ; FARIA, OTAVIO AUGUSTO ; MORENO, ANGELA LEITE		
resumoExpandidoEmCongresso	 	2021	A INFLUÊNCIA DE METODOLOGIAS DIFERENCIADAS NO ENSINOAPRENDIZAGEM DA DIVISÃO	II Congresso Brasileiro Interdisciplinar de Ciência e Tecnologia, 2021. Anais do Congresso Brasileiro Interdisciplinar em Ciência e Tecnologia. Diamantina(MG): Even3	NEVES, S. M. F. C. ; SANTIAGO, M. F. M. ; MORENO, A. L.		
resumoExpandidoEmCongresso	 	2021	A Influência de Metodologias Diferenciadas no Ensino-Aprendizagem da Divisão	II Congresso Brasileiro Interdisciplinar de Ciência e Tecnologia, 2021. Anais do Congresso Brasileiro Interdisciplinar de Ciência e Tecnologia. Recife: Even3	NEVES, S. M. F. C. ; SANTIAGO, M. F. M. ; MORENO, ANGELA L.		
resumoExpandidoEmCongresso	 	2020	Minas for Science	I Simpósio Brasileiro Mulheres em STEM, 2020, São José dos Campos. Anais SMSTEM. São José dos Campos: ITA	QUILLES QUEIROZ, C.R.O.; CORDEIRO, M. R. ; Ferreira Dias, D. ; Marinho, M.V.		
resumoExpandidoEmCongresso	 	2019	Matemática e Cidadania: tecnologias da informação aplicadas no estudo do consumo consciente de água	XXXIV Congresso Nacional de Matemática Aplicada e Computacional - CNMAC 2019, 2020, Uberlândia - MG. Proceeding Series of the Brazilian Society of Computational and Applied Mathematics. São Carlos - SP: SBMAC - Sociedade de Matemática Aplicada e Computacional	REIS, C. M. ; DACIOLI, J. R. D. ; GOECKING, L. B. ; Anderson José de Oliveira ; BEIJO, LUIZ ALBERTO		
resumoExpandidoEmCongresso	 	2018	Comparação de modelos epidemiológicos para propagação de informações	Rbras 2018, 2018, Curitiba. Anais da 63ª Reunião Anual da Região Brasileira da Sociedade Internacional de Biometria	LOPES, M. M. ; dos Santos, José Paulo C. ; RIBEIRO, L. H. M. S.		
resumoExpandidoEmCongresso	 	2016	Ferreira, J. C. Ferreira. Traceability of positive integral operators: a reproducing kernel point of view	X ENAMA, 2016. X ENAMA	José C		
resumoExpandidoEmCongresso	 	2015	The relatioship between Riemann surface and Fuchsian Differential Equation with the aim at coding of geodesics	First Colombian Workshop on Coding Theory CWC 2015, 2015, Barranquilla. Proceedings of the First Colombian Workshop on Coding Theory CWC 2015	OLIVEIRA, A. J.; PALAZZO JR., REGINALDO		
resumoExpandidoEmCongresso	 	2014	Modelo de Gompertz Fracionário	59º Reunião Anual da Região Brasileira da Sociedade Internacional de Biometria, 2014, Ouro Preto. Revista da Estatística da Universidade Federal de Ouro Preto. Ouro Preto	dos Santos, José Paulo Carvalho; CARDOSO, L. C.		
resumoExpandidoEmCongresso	 	2013	Polynomial representation of codons by Galois field extensions and labelling in the study of the genetic code	North American School of Information Theory, 2013, West Lafayete. Proceedings of the 2013 North American School of Information Theory	OLIVEIRA, A. J.; PALAZZO JR., REGINALDO		
resumoExpandidoEmCongresso	 	2013	Applications of fuchsian differential equations in the study of communication between two liver cells	Advanced Topics in Genomics and Cell Biology, 2013, Campinas. Proceedings of the Advanced Topics in Genomics and Cell Biology	OLIVEIRA, A. J.; PALAZZO JR., REGINALDO		
resumoExpandidoEmCongresso	 	2011	Aprendizagem de trigonometria dinâmica	XXII Simpósio Brasileiro de Informática na Educação, 2011, Aracaju-SE. Anais do ... Simpósio Brasileiro de Informática na Educação	CARDOSO, A.; OLIVEIRA, H. M. P. ; STORTI, L. B.		
resumoExpandidoEmCongresso	 	2011	O uso de jogos no aprendizado de conceitos algébricos	XXII Simpósio Brasileiro de Informática na Educação, 2011, Aracaju-SE. Anais do ... Simpósio Brasileiro de Informática na Educação	CARDOSO, A.; SOUZA JUNIOR, J. C. ; SACRAMENTO, M. M. ; ODORICO, E. K. ; SILVA, H. T.		
resumoExpandidoEmCongresso	 	2011	On reproducing properties of Mercer-like kernels	V ENAMA, 2011, São Carlos. Resumo dos Trabalhos	FERREIRA, J. C.; MENEGATTO, V. A.		
resumoExpandidoEmCongresso	 	2010	An extension of Mercer's theorem via reproducing kernel Hilbert spaces	IV ENAMA, 2010, Belém - PA. http://www.enama.org/Resumo_Completo_IVENAMA.pdf	FERREIRA, J. C.; MENEGATTO, V. A.		
resumoExpandidoEmCongresso	 	2008	A connection between two concepts of positive definiteness	II ENAMA, 2008, João Pessoa - PB. II ENAMA	FERREIRA, J. C.; MENEGATTO, V. A.		
resumoExpandidoEmCongresso	 	2007	Decaimento de autovalores de operadores integrais com núcleos positivos definidos e suaves	I ENAMA - Encontro nacional de análise matemática e aplicações, 2007, Rio de Janeiro. Anais do I ENAMA	José Claudinei Ferreira; MENEGATTO, V. A.		
resumoExpandidoEmCongresso	 	2004	Teoria da estabilidade fraca para métodos numéricos de passos múltiplos para resolução de equações diferênciais ordinárias	CIC-UNESP, 2004, Ilha Solteira. CIC-UNESP	José Claudinei Ferreira; FREITAS, A. C. ; NOGUEIRA, J. R.		
