artigoEmPeriodico	 	2023	1519-6984	http://dx.doi.org/10.1590/1519-6984.03316	A new approach to mark termites (Cornitermes cumulans (Kollar) Blattodea: Isoptera) for laboratory bioassays	BRAZILIAN JOURNAL OF BIOLOGY	Alessandra Marins ; Paulo Fellipe Cristaldo ; Leticia R Paiva ; Octavio Miramontes ; Og DeSouza	A2	BRAZILIAN JOURNAL OF MICROBIOLOGY
artigoEmPeriodico	 	2023	1751-8113	http://dx.doi.org/10.1088/1751-8121/acd48a	Light propagation in ( 2+1 )-dimensional electrodynamics: the case of nonlinear constitutive laws	Journal of Physics A-Mathematical and Theoretical	BITTENCOURT, EDUARDO ; BRANDÃO, ELLITON O S ; GOULART, ÉRICO	A2	
artigoEmPeriodico	 	2023	0891-2513	http://dx.doi.org/10.25088/ComplexSystems.32.1.71	Spatial Scale Effects in COVID-19 Spread Models	COMPLEX SYSTEMS	GONZAGA, M. N. ; de OLIVEIRA, M. M. ; Atman, A. P. F.	B3	
artigoEmPeriodico	 	2023	2164-6457	http://dx.doi.org/10.5890/JAND.2023.06.004	Anomalous heat diffusion in a boundary layer: A Fractionary Blasius?s System	JOURNAL OF APPLIED NONLINEAR DYNAMICS	MONTEIRO, T. B. ; ALMEIDA, A. C. L. ; OLIVEIRA, Adélcio Carlos de	B2	
artigoEmPeriodico	 	2022	1742-5468	http://dx.doi.org/10.1088/1742-5468/ac70dc	Contact process on weighted planar stochastic lattice	JOURNAL OF STATISTICAL MECHANICS-THEORY AND EXPERIMENT	ALVES, SIDINEY G ; DE OLIVEIRA, MARCELO M	A2	
artigoEmPeriodico	 	2022	0003-3804	http://dx.doi.org/10.1002/andp.202100564	The Gor'kov and Melik-Barkhudarov Correction to an Imbalanced Fermi Gas in the Presence of Impurities	ANNALEN DER PHYSIK	Caldas, Heron; RUFO, S. ; GRIFFITH, M. A. R.	A3	
artigoEmPeriodico	 	2022	1463-9076	http://dx.doi.org/10.1039/d2cp03264c	An electrodeposition model with surface relaxation predicts temperature and current effects in compact and dendritic film morphologies	PHYSICAL CHEMISTRY CHEMICAL PHYSICS	Carrasco, Ismael S. S. ; Alves, Sidiney G. ; Reis, Fábio D. A. A.	A1	
artigoEmPeriodico	 	2022	0022-5193	http://dx.doi.org/10.1016/j.jtbi.2022.111106	Social context modulates scale-free movements in a social insect	JOURNAL OF THEORETICAL BIOLOGY	CASTIBLANCO, JULIETH ; CRISTALDO, PAULO F. ; PAIVA, LETICIA R. ; DESOUZA, OG	A1	
artigoEmPeriodico	 	2022	2470-0045	http://dx.doi.org/10.1103/PhysRevE.106.024302	Heterogeneous mean-field theory for two-species symbiotic processes on networks	PHYSICAL REVIEW E	COSTA, G. S. ; de OLIVEIRA, M. M. ; FERREIRA JR., S. C.	A1	
artigoEmPeriodico	 	2022	2470-0029	http://dx.doi.org/10.1103/PhysRevD.105.024021	Nonlinear electrodynamics nonminimally coupled to gravity: Symmetric-hyperbolicity and causal structure	Physical Review D	GOULART, ÉRICO; BERGLIAFFA, SANTIAGO ESTEBAN PEREZ	A1	
artigoEmPeriodico	 	2022	2469-9926	http://dx.doi.org/10.1103/physreva.106.063521	Light propagation in <math> <mrow> <mo>(</mo> <mn>2</mn> <mo>+</mo> <mn>1</mn> <mo>)</mo> </mrow> </math> -dimensional electrodynamics: The case of linear constitutive laws	PHYSICAL REVIEW A	GOULART, ÉRICO; BITTENCOURT, EDUARDO ; BRANDÃO, ELLITON O. S.	A1	
artigoEmPeriodico	 	2022	2632-072X	http://dx.doi.org/10.1088/2632-072X/aca949	Visibility graphs of animal foraging trajectories	Journal Of Physics-Complexity	PAIVA, LETICIA R; ALVES, SIDINEY G ; LACASA, LUCAS ; DESOUZA, OG ; MIRAMONTES, OCTAVIO	C	
artigoEmPeriodico	 	2022	0378-4371	http://dx.doi.org/10.1016/j.physa.2022.128313	A complementary resource relation of concurrence and roughness for a two-qubit state	PHYSICA A-STATISTICAL MECHANICS AND ITS APPLICATIONS	REIS, M. ; OLIVEIRA, Adélcio Carlos de	A1	
artigoEmPeriodico	 	2021	0143-0807	http://dx.doi.org/10.1088/1361-6404/ac059a	Derivation of the Boltzmann entropy equation in a toy model	EUROPEAN JOURNAL OF PHYSICS	ALMEIDA, GABRIELLE OLIVEIRA ; CRUZ SILVA, MAYCON JÚNIOR ; MOTA, ANDRE	A3	
artigoEmPeriodico	 	2021	0960-0779	http://dx.doi.org/10.1016/j.chaos.2020.110616	An epidemiological model with voluntary quarantine strategies governed by evolutionary game dynamics	CHAOS SOLITONS & FRACTALS	AMARAL, M. A. ; de OLIVEIRA, M. M. ; JAVARONE, M. A.	A1	
artigoEmPeriodico	 	2021	2470-0045	http://dx.doi.org/10.1103/PhysRevE.104.064102	Criticality and Griffiths phases in random games with quenched disorder	PHYSICAL REVIEW E	AMARAL, M. A. ; de Oliveira, Marcelo M.	A1	
artigoEmPeriodico	 	2021	2469-9934	http://dx.doi.org/10.1103/PhysRevA.104.043523	Spherical symmetry and nonmagnetic dielectrics in analog models of gravity	PHYSICAL REVIEW A	BITTENCOURT, EDUARDO ; KLIPPERT, RENATO ; DA SILVA, DIEGO RENAN ; GOULART, ÉRICO	A1	
artigoEmPeriodico	 	2021	0129-1831	http://dx.doi.org/10.1142/S0129183121501552	Finding the dominant zero of the energy probability distribution	INTERNATIONAL JOURNAL OF MODERN PHYSICS C	CARVALHO, J. J. ; Mota, A. L.	A4	
artigoEmPeriodico	 	2021	1434-6060	http://dx.doi.org/10.1140/epjd/s10053-020-00028-w	The quantum Jarzynski inequality for superconducting optical cavities	EUROPEAN PHYSICAL JOURNAL D	DE PAULA, JOSIANE OLIVEIRA REZENDE ; DE FARIA, J. G. PEIXOTO ; DE OLIVEIRA, J. G. G. ; DE CARVALHOFALCÃO, RICARDO ; Oliveira, Adélcio C.	A4	
artigoEmPeriodico	 	2021	0219-8878	http://dx.doi.org/10.1142/S0219887821500389	Spacetime foliations, quaternions and knotted light	INTERNATIONAL JOURNAL OF GEOMETRIC METHODS IN MODERN PHYSICS	Goulart, E.; OTTONI, J. E.	B1	
artigoEmPeriodico	 	2021	1361-6382	http://dx.doi.org/10.1088/1361-6382/ac08a9	Space and time ambiguities in vacuum electrodynamics	Classical and Quantum Gravity	GOULART, ÉRICO; BITTENCOURT, EDUARDO	A1	
artigoEmPeriodico	 	2021	1367-2630	http://dx.doi.org/10.1088/1367-2630/ac0203	Effective fermion mass in relativistic and non-relativistic systems	NEW JOURNAL OF PHYSICS	Heron Caldas	A2	
artigoEmPeriodico	 	2021	0378-4371	http://dx.doi.org/10.1016/j.physa.2021.126099	Continuum reset dynamics as a pathway to Newtonian classical limit of Quantum Mechanics	PHYSICA A-STATISTICAL MECHANICS AND ITS APPLICATIONS	OLIVEIRA, Adélcio Carlos de	A1	
artigoEmPeriodico	 	2021	1091-6490	http://dx.doi.org/10.1073/pnas.2004369118	Scale-free movement patterns in termites emerge from social interactions and preferential attachments	PROCEEDINGS OF THE NATIONAL ACADEMY OF SCIENCES OF THE UNITED STATES OF AMERICA (ONLINE)	PAIVA, LETICIA R; MARINS, ALESSANDRA ; CRISTALDO, P. F. ; RIBEIRO, DANILO ; ALVES, SIDINEY G. ; REYNOLDS, ANDY ; DESOUZA, OG ; MIRAMONTES, OCTAVIO	A1	
artigoEmPeriodico	 	2021	2525-5444	http://dx.doi.org/10.34179/revisem.v6i1.13637	Modelagem Matemática para Previsão de Jogos de Futebol	REVISTA SERGIPANA DE MATEMÁTICA E EDUCAÇÃO MATEMÁTICA	PINHEIRO RAMOS, LUIZ FERNANDO ; CESAR FERNANDES, HUMBERTO ; DE OLIVEIRA BATISTA, BEN DÊIVIDE	A4	
artigoEmPeriodico	 	2021	1572-8137	http://dx.doi.org/10.1007/s10825-021-01761-0	Relation between the roughness, linear entropy and visibility of a quantum state, the Jaynes?Cummings model	Journal of Computational Electronics	REIS, M. ; Oliveira, Adélcio C.	A4	JOURNAL OF COMPUTATIONAL ELECTRONICS (PRINT)
artigoEmPeriodico	 	2021	2470-0045	http://dx.doi.org/10.1103/physreve.103.062205	Dynamical aspects of a bouncing ball in a nonhomogeneous field	PHYSICAL REVIEW E	SILVEIRA, FELIPE AUGUSTO O. ; Alves, Sidiney G. ; LEONEL, EDSON D. ; LADEIRA, DENIS G.	A1	
artigoEmPeriodico	 	2020	0953-4075	http://dx.doi.org/10.1088/1361-6455/ab7078	Superfluid-normal quantum phase transitions in an imbalanced fermi gas	JOURNAL OF PHYSICS B-ATOMIC MOLECULAR AND OPTICAL PHYSICS	Caldas, Heron	A3	
artigoEmPeriodico	 	2020	0003-3804	http://dx.doi.org/10.1002/andp.202000222	The Gor'kov and Melik-Barkhudarov Correction to the Mean-Field Critical Field Transition to Fulde-Ferrell-Larkin-Ovchinnikov States	ANNALEN DER PHYSIK	Caldas, Heron; CHEN, QIJIN	A3	
artigoEmPeriodico	 	2020	2469-9950	http://dx.doi.org/10.1103/PhysRevB.101.184514	Effects of anisotropic correlations in fermionic zero-energy bounds states of topological phases	PHYSICAL REVIEW B	M. A. R. Griffith ; E. Mamani ; LIzardo H. C. M. Nunes ; H. Caldas	A1	
artigoEmPeriodico	 	2020	0953-2048	http://dx.doi.org/10.1088/1361-6668/ab66e5	Superconducting and pseudogap transition temperatures in high- T c</sub> </i> cuprates and the T</i> c</i> </sub> dependence on pressure	SUPERCONDUCTOR SCIENCE & TECHNOLOGY	MARINO, E C ; CORRÊA, REGINALDO O ; AROUCA, R ; NUNES, LIZARDO H C M ; ALVES, VAN SÉRGIO	A2	
artigoEmPeriodico	 	2020	2469-9950	http://dx.doi.org/10.1103/PhysRevB.101.224514	Flat-band superconductivity for tight-binding electrons on a square-octagon lattice	PHYSICAL REVIEW B	NUNES, Lizardo H. C. M.; SMITH, CRISTIANE MORAIS	A1	
artigoEmPeriodico	 	2020	1286-4854	http://dx.doi.org/10.1209/0295-5075/129/10001	One-way street for the energy current: A ubiquitous phenomenon in boundary-driven quantum spin chains	EPL (EUROPHYSICS LETTERS)	OLIVEIRA, D. ; PEREIRA, Emmanuel ; LEMOS, Humberto C. F.	A3	
artigoEmPeriodico	 	2020	1751-8113	http://dx.doi.org/10.1088/1751-8121/aba3de	Transport in boundary-driven quantum spin systems: one-way street for the energy current	Journal of Physics A-Mathematical and Theoretical	OLIVEIRA, DEBORAH ; PEREIRA, Emmanuel ; LEMOS, Humberto C. F.	A2	
artigoEmPeriodico	 	2020	0375-9601	http://dx.doi.org/10.1016/j.physleta.2020.126864	Energy transport in boundary driven quantum spin systems: One-way street phenomenon in models with long range interactions	PHYSICS LETTERS A	Pereira, Emmanuel ; LEMOS, HUMBERTO C.F.	A3	
artigoEmPeriodico	 	2020	1678-5878	http://dx.doi.org/10.1007/s40430-020-02672-0	Dynamics of an Euler-Bernoulli Beam on Nonlinear Viscoelastic Foundations: a Parameter Space Analysis	Journal of the Brazilian Society of Mechanical Sciences and Engineering	SOARES, G. V. ; LADEIRA, D. G. ; OLIVEIRA, Adélcio Carlos de	A4	
artigoEmPeriodico	 	2020	0021-8979	http://dx.doi.org/10.1063/1.5144691	Three terminal nano-oscillator based on domain wall pinning by track defect and anisotropy control	JOURNAL OF APPLIED PHYSICS	TORO, OSCAR O. ; Alves, Sidiney G. ; CARVALHO-SANTOS, VAGSON L. ; DE ARAÚJO, CLODOALDO I. L.	A1	
artigoEmPeriodico	 	2019	1751-8113	http://dx.doi.org/10.1088/1751-8121/ab213c	On spacetime foliations and electromagnetic knots	Journal of Physics A-Mathematical and Theoretical	COSTA E SILVA, W ; GOULART, E ; OTTONI, J E	A2	
artigoEmPeriodico	 	2019	0378-4371	http://dx.doi.org/10.1016/j.physa.2018.10.055	Majority vote model with ancillary noise in complex networks	PHYSICA A-STATISTICAL MECHANICS AND ITS APPLICATIONS	ENCINAS, J.M. ; CHEN, HANSHUANG ; de Oliveira, Marcelo M. ; FIORE, CARLOS E.	A1	
artigoEmPeriodico	 	2019	2470-0045	http://dx.doi.org/10.1103/physreve.99.042146	Quenched disorder in the contact process on bipartite sublattices	PHYSICAL REVIEW E	GONZAGA, M. N. ; FIORE, C. E. ; de Oliveira, Marcelo M.	A1	
artigoEmPeriodico	 	2019	2470-0010	http://dx.doi.org/10.1103/PhysRevD.100.125001	Geometrical hypotheses underlying wave functions and their emerging dynamics	PHYSICAL REVIEW D	GOULART, ERICO; PINTO-NETO, NELSON	A1	
artigoEmPeriodico	 	2019	1742-5468	http://dx.doi.org/10.1088/1742-5468/ab417d	Leading Order $k_Fa$ Corrections to the Free Energy and Phase Separation in Two-component Fermion Systems	JOURNAL OF STATISTICAL MECHANICS-THEORY AND EXPERIMENT	Heron Caldas	A2	
artigoEmPeriodico	 	2019	0921-4526	http://dx.doi.org/10.1016/j.physb.2019.411814	Non-perturbative corrections to the quasiparticle velocity in graphene	PHYSICA B-CONDENSED MATTER	Heron Caldas	A4	
artigoEmPeriodico	 	2019	0218-3390	http://dx.doi.org/10.1142/S0218339019500086	CHAOTIC COEXISTENCE IN A RESOURCE-CONSUMER MODEL	JOURNAL OF BIOLOGICAL SYSTEMS	LADEIRA, D. G. ; de OLIVEIRA, M. M.	A4	
artigoEmPeriodico	 	2019	2470-0045	http://dx.doi.org/10.1103/PhysRevE.100.052302	Dynamical correlations and pairwise theory for the symbiotic contact process on networks	PHYSICAL REVIEW E	Marcelo Martins de Oliveira ; Alves, Sidiney G. ; Ferreira, S. C.	A1	
artigoEmPeriodico	 	2019	2164-6376	http://dx.doi.org/10.5890/DNC.2019.12.008	Using the Parameter Optimization Method for Solving Differential Equations with Contour Conditions: The nonlinear Euler-Bernoulli beam	Discontinuity, Nonlinearity, and Complexity	Oliveira, Adélcio C	B2	
artigoEmPeriodico	 	2019	0020-7462	http://dx.doi.org/10.1016/j.ijnonlinmec.2019.03.017	Numerical solution of Boundary Layer Equations based on optimization	INTERNATIONAL JOURNAL OF NON-LINEAR MECHANICS	OLIVEIRA, ADÉLCIO; ALMEIDA, A. C. L.	A1	
artigoEmPeriodico	 	2019	0378-4371	http://dx.doi.org/10.1016/j.physa.2018.12.042	Jarzynski equality for superconducting optical cavities: An alternative path to determine Helmholtz free energy	PHYSICA A-STATISTICAL MECHANICS AND ITS APPLICATIONS	PAULA, J. O. R. ; J. G. Peixoto de Faria ; OLIVEIRA JUNIOR, J. G. G. ; FALCAO, R. C. ; Oliveira, Adélcio C.	A1	
artigoEmPeriodico	 	2019	2470-0045	http://dx.doi.org/10.1103/PhysRevE.99.042802	Effects of a kinetic barrier on limited-mobility interface growth models	PHYSICAL REVIEW E	PEREIRA, A. J. ; Alves, Sidiney G. ; Ferreira, S. C.	A1	
artigoEmPeriodico	 	2019	2171-9292	http://dx.doi.org/10.5424/sjar/2019171-13294	Phenological asynchrony between the fruit fly Anastrepha fraterculus and early maturing peach cultivars could contribute to pesticide use reduction	SPANISH JOURNAL OF AGRICULTURAL RESEARCH	SILVA-ARAUJO, EMILY ; Ribeira-Paiva, Leticia ; GERALDO-ALVES, SIDNEY ; BEVACQUA, DANIELE ; EDSON-NAVA, DORI ; LAVIGNE, CLAIRE ; MELLO-GARCÍA, FLAVIO R.	A4	
artigoEmPeriodico	 	2019	2296-424X	http://dx.doi.org/10.3389/fphy.2019.00017	Local vs. Long-Range Infection in Unidimensional Epidemics	Frontiers in Physics	SILVEIRA, PRISCILA R. ; DE OLIVEIRA, MARCELO M. ; Alves, Sidiney G.	B1	
artigoEmPeriodico	 	2018	0972-0960	http://dx.doi.org/10.17654/am100010001	DIFFUSION PROCESSES MODELED WITH HIGHER ORDER DIFFERENTIAL TERMS	FAR EAST JOURNAL OF APPLIED MATHEMATICS	ALMEIDA, A. C. L. ; Oliveira, Adélcio C.	B4	
artigoEmPeriodico	 	2018	2470-0045	http://dx.doi.org/10.1103/PhysRevE.97.032801	Radial restricted solid-on-solid and etching interface-growth models	PHYSICAL REVIEW E	Alves, Sidiney G	A1	
artigoEmPeriodico	 	2018	0378-4371	http://dx.doi.org/10.1016/j.physa.2018.07.035	Cell aggregation in monolayer culture: Clues to a universal kinetics	PHYSICA A-STATISTICAL MECHANICS AND ITS APPLICATIONS	DA SILVA, P.C.A. ; SANTOS, A.A. ; ALVES, S.G. ; MARTINS, M.L.	A1	
artigoEmPeriodico	 	2018	2470-0045	http://dx.doi.org/10.1103/physreve.97.060101	Finite-size scaling for discontinuous nonequilibrium phase transitions	PHYSICAL REVIEW E	de Oliveira, Marcelo M.; LUZ, M. G. E. ; FIORE, C. E.	A1	
artigoEmPeriodico	 	2018	2153-1196	http://dx.doi.org/10.4236/jmp.2018.93031	Quantum States of Interacting Atoms in Quasi-One-Dimensional Ultracold Trapped Gases	JOURNAL OF MODERN PHYSICS	E MIRANDA, POLYANNA GUIMARÃES ; DE FREITAS, DÉBORA NAZARÉ ; MOTA, ANDRÉ LUIZ	B2	
artigoEmPeriodico	 	2018	2045-2322	http://dx.doi.org/10.1038/s41598-018-27240-4	Fundamental ingredients for discontinuous phase transitions in the inertial majority vote model	Scientific Reports	ENCINAS, J. M. ; HARUNARI, P. E. ; de OLIVEIRA, M. M. ; FIORE, C. E.	A1	
artigoEmPeriodico	 	2018	2470-0045	http://dx.doi.org/10.1103/physreve.98.032129	Temporal disorder in discontinuous nonequilibrium phase transitions: General results	PHYSICAL REVIEW E	FIORE, C. E. ; de OLIVEIRA, M. M. ; HOYOS, J. A.	A1	
artigoEmPeriodico	 	2018	2640-9690	http://dx.doi.org/10.31031/EME.2018.01.000515	Anomalous Diffusion Through Homopolar Membrane: One-Dimensional Model	Evolutions in Mechanical Engineeniring	GIMENEZ, G. G. ; OLIVEIRA, ADÉLCIO	Qualis nao identificado	EVOLUTIONS IN MECHANICAL ENGINEENIRING
artigoEmPeriodico	 	2018	0003-4916	http://dx.doi.org/10.1016/j.aop.2018.04.022	Finite Temperature Phase Diagrams of a Two-band Model of Superconductivity	ANNALS OF PHYSICS	Heron Caldas; CELES, A. ; D. Nozadze	A2	
artigoEmPeriodico	 	2018	0375-9601	http://dx.doi.org/10.1016/j.physleta.2018.01.023	Roughness as classicality indicator of a quantum state	PHYSICS LETTERS A	LEMOS, HUMBERTO C.F. ; ALMEIDA, ALEXANDRE C.L. ; AMARAL, BARBARA ; C.OLIVEIRA, ADÉLCIO	A3	
artigoEmPeriodico	 	2018	2164-6457	http://dx.doi.org/10.5890/jand.2018.06.009	Dynamics of a non-uniform Euler-Bernoulli beam: sensitivity study in the parameter space	Journal of Applied Nonlinear Dynamics	Lilian Ribeiro ; SOARES, G. V. ; ALMEIDA, A. C. L. ; Oliveira, Adélcio C.	B2	
artigoEmPeriodico	 	2017	0003-4916	http://www.scopus.com/scopus/inward/citedby.url?partnerID=bb5nvXTn&rel=R6.0.0&doi=10.1016/j.aop.2017.07.006&md5=a340824a2c0e2e00fa1cb28c135cd9fe	A two-band model for p-wave superconductivity	ANNALS OF PHYSICS	Caldas, Heron; BATISTA, F.S. ; CONTINENTINO, MUCIO A. ; DEUS, FERNANDA ; NOZADZE, DAVID	A2	
artigoEmPeriodico	 	2017	0921-4526	http://www.scopus.com/scopus/inward/citedby.url?partnerID=bb5nvXTn&rel=R6.0.0&doi=10.1016/j.physb.2017.04.003&md5=6c38c6b2e8f1be2463df0445dd83392b	Continuous local model for two-dimensional spin ice	Physica. B, Condensed Matter (Print)	DA FONSECA, J.E. ; MORAIS, C.W. ; MOTA, A.L. ; NUNES, L.H.C.M.	A4	
artigoEmPeriodico	 	2017	1742-5468	http://dx.doi.org/10.1088/1742-5468/aa71d3	Effects of diffusion in competitive contact processes on bipartite lattices	JOURNAL OF STATISTICAL MECHANICS-THEORY AND EXPERIMENT	de OLIVEIRA, M. M.; FIORE, C. E.	A2	
artigoEmPeriodico	 	2017	1932-6203	http://dx.doi.org/10.1371/journal.pone.0182672	The advantage of being slow: The quasi-neutral contact process	PLoS One	DE OLIVEIRA, MARCELO MARTINS; Dickman, Ronald	A1	
artigoEmPeriodico	 	2017	2470-0045	http://dx.doi.org/10.1103/physreve.96.042305	Partial inertia induces additional phase transition in the majority vote model	PHYSICAL REVIEW E	HARUNARI, P. E. ; de OLIVEIRA, M. M. ; FIORE, C. E.	A1	
artigoEmPeriodico	 	2017	2470-0045	http://dx.doi.org/10.1103/physreve.95.042137	Convergence radius of perturbative Lindblad-driven nonequilibrium steady states	PHYSICAL REVIEW E	LEMOS, Humberto C. F.; PROSEN, TOMA'	A1	
artigoEmPeriodico	 	2017	0217-9792	http://dx.doi.org/10.1142/s021797921750237x	Phase transition and monopole densities in a nearest neighbor two-dimensional spin ice model	INTERNATIONAL JOURNAL OF MODERN PHYSICS B	Morais, C. W. ; DE FREITAS, D. N. ; Mota, A. L. ; BASTONE, E. C.	B2	
artigoEmPeriodico	 	2017	0038-1098	http://dx.doi.org/10.1016/j.ssc.2016.12.003	Antiferromagnetic phase diagram of the cuprate superconductors	SOLID STATE COMMUNICATIONS	NUNES, L.H.C.M.; TEIXEIRA, A.W. ; MARINO, E.C.	A4	
artigoEmPeriodico	 	2016	0375-9601	http://dx.doi.org/10.1016/j.physleta.2015.11.034	Characteristic entanglement timescales of a qubit coupled to a quartic oscillator	Physics Letters. A (Print)	A. R. Bosco de Magalhães ; Oliveira, Adélcio C.	A3	
artigoEmPeriodico	 	2016	2470-0045	http://dx.doi.org/10.1103/physreve.93.052131	Scaling, cumulant ratios, and height distribution of ballistic deposition in <math> <mrow> <mn>3</mn> <mo>+</mo> <mn>1</mn> </mrow> </math> and <math> <mrow> <mn>4</mn> <mo>+</mo> <mn>1</mn> </mrow> </math> dimensions	PHYSICAL REVIEW E	Alves, Sidiney G.; Ferreira, Silvio C.	A1	
artigoEmPeriodico	 	2016	1367-2630	http://www.scopus.com/scopus/inward/citedby.url?partnerID=bb5nvXTn&rel=R6.0.0&doi=10.1088/1367-2630/18/9/093018&md5=b4a6f62bf654c7abbe598b7c9ba2e128	Hallmarks of the Kardar-Parisi-Zhang universality class elicited by scanning probe microscopy	New Journal of Physics	Alves, Sidiney G; ARAUJO, C. I. L. ; Ferreira, Silvio C.	A2	
artigoEmPeriodico	 	2016	2331-7019	http://dx.doi.org/10.1103/PhysRevApplied.6.024015	Multilevel Thermally Assisted Magnetoresistive Random-Access Memory Based on Exchange-Biased Vortex Configurations	PHYS REV APPL	ARAUJO, C. I. L. ; Alves, Sidiney G ; BUDA-PREJBEANU, L. D. ; DIENY, B.	A1	
artigoEmPeriodico	 	2016	2470-0010	http://dx.doi.org/10.1103/PhysRevD.94.084011	From Hopf fibrations to exotic causal replacements	PHYSICAL REVIEW D	BEZARES, MIGUEL ; GOULART, ÉRICO ; PALOMERA, GONZALO ; PONS, DANIEL J. ; REYES, ENRIQUE G.	A1	
artigoEmPeriodico	 	2016	2470-0045	http://dx.doi.org/10.1103/PhysRevE.94.052138	Temporal disorder does not forbid discontinuous absorbing phase transitions in low dimensional systems	PHYSICAL REVIEW E	de OLIVEIRA, M. M.; FIORE, C. E.	A1	
artigoEmPeriodico	 	2016	2470-0045	http://dx.doi.org/10.1103/physreve.93.012110	Continuous and discontinuous absorbing-state phase transitions on Voronoi-Delaunay random lattices	PHYSICAL REVIEW E	DE OLIVEIRA, MARCELO M. ; Alves, Sidiney G. ; Ferreira, Silvio C.	A1	
artigoEmPeriodico	 	2016	0295-5075	http://www.scopus.com/scopus/inward/citedby.url?partnerID=bb5nvXTn&rel=R6.0.0&doi=10.1209/0295-5075/115/10004&md5=beaa60163368101abbfc9ea85355c0e2	Nonlinear electrodynamics is skilled with knots	Europhysics Letters (Print)	Goulart, E	A3	
artigoEmPeriodico	 	2016	1678-5878	http://dx.doi.org/10.1007/s40430-016-0624-5	Study of diffusion applied to electrodialysis: three-dimensional model in cylindrical coordinates	Journal of the Brazilian Society of Mechanical Sciences and Engineering (Impresso)	Igor Pereira Vieira ; Oliveira, Adélcio C.	A4	
artigoEmPeriodico	 	2016	0378-4371	http://dx.doi.org/10.1016/j.physa.2016.02.065	Effects of vascularization on cancer nanochemotherapy outcomes	PHYSICA A-STATISTICAL MECHANICS AND ITS APPLICATIONS	PAIVA, L. R.; FERREIRA, S. C. ; MARTINS, M. L.	A1	
artigoEmPeriodico	 	2016	1742-6588	http://dx.doi.org/10.1088/1742-6596/706/5/052012	Ward identities and the analogous Goldberger-Treiman relation in a three-flavor Spectral Quark Model	Journal of Physics. Conference Series (Print)	REIS, E A ; Mota, A L ; DIAS, E W	Qualis nao identificado	JOURNAL OF PHYSICS. CONFERENCE SERIES (PRINT)
artigoEmPeriodico	 	2016	2470-0045	http://dx.doi.org/10.1103/PhysRevE.94.042123	Comparing the influence of distinct kinds of temporal disorder in a low-dimensional absorbing transition model	PHYSICAL REVIEW E	SOLANO, C. M. D. ; de OLIVEIRA, M. M. ; FIORE, C. E.	A1	
artigoEmPeriodico	 	2015	1550-7998	http://dx.doi.org/10.1103/PhysRevD.92.084024	Nonlinear electrodynamics as a symmetric hyperbolic system	Physical Review. D, Particles, Fields, Gravitation, and Cosmology	ABALOS, FERNANDO ; CARRASCO, FEDERICO ; GOULART, ÉRICO ; REULA, OSCAR	A1	
artigoEmPeriodico	 	2015	0953-4075	http://dx.doi.org/10.1088/0953-4075/48/18/185301	Induced p-wave superfluidity in imbalanced Fermi gases in a synthetic gauge field	Journal of Physics. B, Atomic Molecular and Optical Physics (Print)	Caldas, H.; CONTINENTINO, M.	A3	
artigoEmPeriodico	 	2015	1539-3755	http://www.scopus.com/scopus/inward/citedby.url?partnerID=bb5nvXTn&rel=R6.0.0&doi=null&md5=f8a2d9f8af7e0fb17f9968fbbee28b49	Generic finite size scaling for discontinuous nonequilibrium phase transitions into absorbing states	PHYSICAL REVIEW E	de OLIVEIRA, M. M.; LUZ, M. G. E. ; FIORE, C. E.	A1	
artigoEmPeriodico	 	2015	0003-4916	http://www.scopus.com/scopus/inward/citedby.url?partnerID=bb5nvXTn&rel=R6.0.0&doi=10.1016/j.aop.2015.08.002&md5=4dbcabbb117a27d3b061cd866b0a35db	Induced p-wave superconductivity without spin-orbit interactions	Annals of Physics (Print)	F. Deus ; CONTINENTINO, M. ; Heron Caldas	A2	
artigoEmPeriodico	 	2015	1550-7998	http://dx.doi.org/10.1103/PhysRevD.91.045033	Nontrivial causal structures engendered by knotted solitons	Physical Review. D, Particles, Fields, Gravitation, and Cosmology	Goulart, E	A1	
artigoEmPeriodico	 	2015	0022-2488	http://www.scopus.com/scopus/inward/citedby.url?partnerID=bb5nvXTn&rel=R6.0.0&doi=10.1063/1.4936147&md5=03bf3fbe470c84cc11d337dbc955e19a	Characteristic analysis for integrable soliton models on two-dimensional target spaces	Journal of Mathematical Physics	Goulart, E	A4	
artigoEmPeriodico	 	2015	0295-5075	http://dx.doi.org/10.1209/0295-5075/110/27008	Temperature × doping phase diagram of cuprate superconductors	Europhysics Letters (Print)	NUNES, Lizardo H. C. M.; TEIXEIRA, A. W. ; MARINO, E. C.	A3	
artigoEmPeriodico	 	2015	1806-3691	http://dx.doi.org/10.1007/s40430-015-0357-x	Steady State of Ion Transport in Homopolar Ion-exchange Membrane: a Theoretical Study	Journal of the Brazilian Society of Mechanical Sciences and Engineering	OLIVEIRA, Adélcio Carlos de; Franco Dany Amado ; Ruan C. A. Moura	A4	
artigoEmPeriodico	 	2015	1751-8113	http://www.scopus.com/scopus/inward/citedby.url?partnerID=bb5nvXTn&rel=R6.0.0&doi=10.1088/1751-8113/48/37/375203&md5=b637836012a8044a037695b8b92954cf	Heat flow in anharmonic crystals with internal and external stochastic baths: a convergent polymer expansion for a model with discrete time and long range interparticle interaction	Journal of Physics. A, Mathematical and Theoretical (Print)	Pereira, Emmanuel ; MENDONÇA, MATEUS S ; Lemos, Humberto C F	A2	
artigoEmPeriodico	 	2015	0378-4371	http://www.scopus.com/scopus/inward/citedby.url?partnerID=bb5nvXTn&rel=R6.0.0&doi=10.1016/j.physa.2015.04.004&md5=515d2d7b3890557497c1fb531a7f4234	Area decay of Wilson loop for lattice gauge theories with bond variables described by the transverse Ising model	Physica. A (Print)	SÁ BARRETO, F.C. ; MOTA, A.L.	A1	
artigoEmPeriodico	 	2014	1539-3755	http://dx.doi.org/10.1103/physreve.90.020103	Universality of fluctuations in the Kardar-Parisi-Zhang class in high dimensions and its upper critical dimension	Physical Review. E, Statistical, Nonlinear, and Soft Matter Physics (Print)	Alves, Sidiney G; T J Oliveira ; Ferreira, S. C.	A1	
artigoEmPeriodico	 	2014	1539-3755	http://dx.doi.org/10.1103/physreve.90.052405	Origins of scaling corrections in ballistic growth models	Physical Review. E, Statistical, Nonlinear, and Soft Matter Physics (Print)	Alves, Sidiney G; T J Oliveira ; Ferreira, S. C.	A1	
artigoEmPeriodico	 	2014	0375-9601	http://www.scopus.com/scopus/inward/citedby.url?partnerID=bb5nvXTn&rel=R6.0.0&doi=10.1016/j.physleta.2014.03.044&md5=536aedaecd1570ef065bd320ce7d9514	Renormalization group approach to a p-wave superconducting model	Physics Letters. A (Print)	CONTINENTINO, MUCIO A. ; DEUS, FERNANDA ; Caldas, Heron	A3	
artigoEmPeriodico	 	2014	1569-3759		Testing for rational speculative bubbles in the Brazilian residential real-estate market	Contemporary Studies in Economic and Financial Analysis	de OLIVEIRA, M. M.; ALMEIDA, A. C. L.	Qualis nao identificado	CONTEMPORARY STUDIES IN ECONOMIC AND FINANCIAL ANALYSIS
artigoEmPeriodico	 	2014	1550-2376	http://www.scopus.com/scopus/inward/citedby.url?partnerID=bb5nvXTn&rel=R6.0.0&doi=null&md5=f8a2d9f8af7e0fb17f9968fbbee28b49	Phase diagram of the symbiotic two-species contact process	PHYSICAL REVIEW E (STATISTICAL, NONLINEAR, AND SOFT MATTER PHYSICS)	de OLIVEIRA, M. M.; DICKMAN, R.	A1	
artigoEmPeriodico	 	2014	1550-7998	http://dx.doi.org/10.1103/PhysRevD.89.105008	Inspecting baby Skyrmions with effective metrics	Physical Review. D, Particles, Fields, Gravitation, and Cosmology	GIBBONS, G.'W. ; Goulart, E.	A1	
artigoEmPeriodico	 	2014	0003-4916	http://www.scopus.com/scopus/inward/citedby.url?partnerID=bb5nvXTn&rel=R6.0.0&doi=10.1016/j.aop.2014.05.008&md5=01b173643b8581664156bce7d343dfc7	Topological transitions in multi-band superconductors	Annals of Physics (Print)	M. A. Continentino ; F. Deus ; I. T. Padilha ; H. Caldas	A2	
artigoEmPeriodico	 	2014	0375-9601	http://www.scopus.com/scopus/inward/citedby.url?partnerID=bb5nvXTn&rel=R6.0.0&doi=10.1016/j.physleta.2014.09.022&md5=8b23a44e200ba7abe3ac6dd15f349d64	Topological states in normal and superconducting p-wave chains	Physics Letters. A (Print)	M. A. Continentino ; H. Caldas ; D. Nozadze ; N. Trivedi	A3	
artigoEmPeriodico	 	2014	1742-5468	http://www.scopus.com/scopus/inward/citedby.url?partnerID=bb5nvXTn&rel=R6.0.0&doi=10.1088/1742-5468/2014/07/p07015&md5=945ca8d42e92e8642044b598dd102434	Mechanism for enhancement of superconductivity in multi-band systems with odd parity hybridization	Journal of Statistical Mechanics	M. A. Continentino ; I. T. Padilha ; Heron Caldas	A2	
artigoEmPeriodico	 	2014	0003-4916	http://www.scopus.com/scopus/inward/citedby.url?partnerID=bb5nvXTn&rel=R6.0.0&doi=10.1016/j.aop.2013.10.007&md5=4d4b208f6a7937a72ce80807a0336f37	Competing effective interactions of Dirac electrons in the Spin-Fermion system	Annals of Physics (Print)	MARINO, E.C. ; Nunes, Lizardo H.C.M.	A2	
artigoEmPeriodico	 	2014	1932-6203	http://www.scopus.com/scopus/inward/citedby.url?partnerID=bb5nvXTn&rel=R6.0.0&doi=10.1371/journal.pone.0111183&md5=87542ad7ce5052371880d2cf4dfce62e	Lévy Flights and Self-Similar Exploratory Behaviour of Termite Workers: Beyond Model Fitting	Plos One	MIRAMONTES, OCTAVIO ; DESOUZA, OG ; PAIVA, LETICIA RIBEIRO ; MARINS, ALESSANDRA ; OROZCO, SIRIO	A1	
artigoEmPeriodico	 	2014	1475-7516	http://www.scopus.com/scopus/inward/citedby.url?partnerID=bb5nvXTn&rel=R6.0.0&doi=10.1088/1475-7516/2014/01/e01&md5=8d98b8f03f0a5dca5ad41e565f6d0030	Erratum: Geometric scalar theory of gravity	Journal of Cosmology and Astroparticle Physics	NOVELLO, M ; BITTENCOURT, E ; MOSCHELLA, U ; GOULART, E ; SALIM, J.M ; TONIATO, J.D	A1	
artigoEmPeriodico	 	2014	0378-4371	http://www.scopus.com/scopus/inward/citedby.url?partnerID=bb5nvXTn&rel=R6.0.0&doi=10.1016/j.physa.2013.09.025&md5=d4ae9a20ef951359cbc5114ec5825fb7	Classical Limit of Quantum Mechanics Induced by Continuous Measurements	Physica. A (Print)	Oliveira, Adélcio C	A1	
artigoEmPeriodico	 	2014	1988-4206		ESTUDO DA RESISTÊNCIA ÔHMICA EM MEMBRANA DE TROCA CATIÔNICA NO PROCESSO DE ELETRODIÁLISE	Revista Iberoamericana de Polímeros (Internet)	Ruan C. A. Moura ; Zolacir T. O. jr ; Oliveira, Adélcio C. ; Franco Dany Amado	Qualis nao identificado	REVISTA IBEROAMERICANA DE POLÍMEROS (INTERNET)
artigoEmPeriodico	 	2013	1742-5468	http://www.scopus.com/scopus/inward/citedby.url?partnerID=bb5nvXTn&rel=R6.0.0&doi=10.1088/1742-5468/2013/05/p05007&md5=3e88b1f37d61d9200b73b1236f8a8d82	Non-universal parameters, corrections and universality in Kardar-Parisi-Zhang growth	Journal of Statistical Mechanics	Alves, Sidiney G; OLIVEIRA, T. J. ; Ferreira, S. C.	A2	
artigoEmPeriodico	 	2013	0264-9381	http://www.scopus.com/scopus/inward/citedby.url?partnerID=bb5nvXTn&rel=R6.0.0&doi=10.1088/0264-9381/30/15/155020&md5=c8ed6ecbc6e637d912f494a7a85b3bfc	Disformal invariance of Maxwell?s field equations	Classical and Quantum Gravity (Print)	GOULART, E; FALCIANO, F T	A1	
artigoEmPeriodico	 	2013	1361-6455	http://www.scopus.com/scopus/inward/citedby.url?partnerID=bb5nvXTn&rel=R6.0.0&doi=10.1088/0953-4075/46/15/155301&md5=b60a52a3e8677424b980448b24e64c80	Nesting and lifetime effects in the FFLO state of quasi-one-dimensional imbalanced Fermi gases	Journal of Physics B: Atomic, Molecular and Optical Physics	Heron Caldas; CONTINENTINO, M. A.	A3	JOURNAL OF PHYSICS. B, ATOMIC, MOLECULAR AND OPTICAL PHYSICS
artigoEmPeriodico	 	2013	1050-2947	http://dx.doi.org/10.1103/PhysRevA.88.023615	Influence of induced interactions on superfluid properties of quasi-two dimensional dilute Fermi gases with spin-orbit coupling	Physical Review. A	Heron Caldas; R. L. S. Farias ; M. A. Continentino	A1	
artigoEmPeriodico	 	2013	1475-7516	http://www.scopus.com/scopus/inward/citedby.url?partnerID=bb5nvXTn&rel=R6.0.0&doi=10.1088/1475-7516/2013/06/014&md5=e4058b8842242c2b4a4faa03a25a81ad	Geometric scalar theory of gravity	Journal of Cosmology and Astroparticle Physics	NOVELLO, M ; BITTENCOURT, E ; MOSCHELLA, U ; GOULART, E ; SALIM, J.M ; TONIATO, J.D	A1	
artigoEmPeriodico	 	2013	1539-3755	http://www.scopus.com/scopus/inward/citedby.url?partnerID=bb5nvXTn&rel=R6.0.0&doi=10.1103/physreve.87.040102&md5=ce4cd71e3323c4f8fd8d7650e2600bd1	Kardar-Parisi-Zhang universality class in (2+1) dimensions: Universal geometry-dependent distributions and finite-time corrections	Physical Review. E, Statistical, Nonlinear, and Soft Matter Physics (Print)	OLIVEIRA, T. J. ; ALVES, S. G. ; Ferreira, S. C.	A1	
artigoEmPeriodico	 	2013	1478-3975	http://www.scopus.com/scopus/inward/citedby.url?partnerID=bb5nvXTn&rel=R6.0.0&doi=10.1088/1478-3975/10/2/025005&md5=75b47499934a561974779a651ab9197b	Multiscale model for the effects of adaptive immunity suppression on the viral therapy of cancer	PHYSICAL BIOLOGY (ONLINE)	PAIVA, LETICIA R; SILVA, HALLAN S ; FERREIRA, SILVIO C ; MARTINS, MARCELO L	Qualis nao identificado	PHYSICAL BIOLOGY (ONLINE)
artigoEmPeriodico	 	2013	1550-2376	http://www.scopus.com/scopus/inward/citedby.url?partnerID=bb5nvXTn&rel=R6.0.0&doi=10.1103/physreve.87.032158&md5=71708b0669c738e260eb95649c3a4b8b	Thermal conductivity of anharmonic crystals with self-consistent baths: Analytical computation with discrete time	Physical Review. E, Statistical, Nonlinear and Soft Matter Physics (Online)	Pereira, Emmanuel ; FALCAO, RICARDO ; LEMOS, Humberto C. F.	A1	
artigoEmPeriodico	 	2012	1742-5468	http://www.scopus.com/scopus/inward/citedby.url?partnerID=bb5nvXTn&rel=R6.0.0&doi=10.1088/1742-5468/2012/10/p10011&md5=a188c994173f7a644df0e77a3b3ef4df	Eden clusters in three dimensions and the Kardar-Parisi-Zhang universality class	Journal of Statistical Mechanics	ALVES, S. G.; Ferreira, S. C.	A2	
artigoEmPeriodico	 	2012	1742-5468	http://www.scopus.com/scopus/inward/citedby.url?partnerID=bb5nvXTn&rel=R6.0.0&doi=10.1088/1742-5468/2012/10/p10019&md5=6d5f07de8b54894dc4a1abac81c84d84	Superfluidity in two-dimensional imbalanced Fermi gases	Journal of Statistical Mechanics	CALDAS, Heron Carlos de Godoy ; A. L. Mota ; FARIAS, R. L. S. ; SOUZA, L.	A2	
artigoEmPeriodico	 	2012	1550-2376	http://www.scopus.com/scopus/inward/citedby.url?partnerID=bb5nvXTn&rel=R6.0.0&doi=10.1103/physreve.86.011121&md5=9aa46dc659bada404d0ee7ff8586c8b6	Symbiotic two-species contact process	PHYSICAL REVIEW E (STATISTICAL, NONLINEAR, AND SOFT MATTER PHYSICS)	DE OLIVEIRA, MARCELO MARTINS; DOS SANTOS, RENATO VIEIRA ; Dickman, Ronald	A1	
artigoEmPeriodico	 	2012	0378-4371	http://www.scopus.com/scopus/inward/citedby.url?partnerID=bb5nvXTn&rel=R6.0.0&doi=10.1016/j.physa.2012.07.026&md5=514d2fd7aaf72b598b3d8da390709010	Correlations equalities and some upper bounds for the critical temperature for spin one systems	Physica. A (Print)	F. C. Sá Barreto ; MOTA, A. L.	A1	
artigoEmPeriodico	 	2012	2090-4673	http://dx.doi.org/10.5402/2012/260951	Mimicking General Relativity with Newtonian Dynamics	ISRN Mathematical Physics	Goulart, E	Qualis nao identificado	ISRN MATHEMATICAL PHYSICS
artigoEmPeriodico	 	2012	0264-9381	http://www.scopus.com/scopus/inward/citedby.url?partnerID=bb5nvXTn&rel=R6.0.0&doi=10.1088/0264-9381/29/8/085011&md5=296fbaba8336bb179622ce86d7103db6	A new symmetry of the relativistic wave equation	Classical and Quantum Gravity (Print)	Goulart, E.; F. T. Falciano	A1	
artigoEmPeriodico	 	2012	1098-0121	http://www.scopus.com/scopus/inward/citedby.url?partnerID=bb5nvXTn&rel=R6.0.0&doi=10.1103/physrevb.86.144503&md5=dd76c8c966925368ee2f5333f496fc38	Quantum normal-to-inhomogeneous superconductor phase transition in nearly two-dimensional metals	PHYSICAL REVIEW B	Heron Caldas; CONTINENTINO, M. A.	A1	
artigoEmPeriodico	 	2012	0031-8949	http://dx.doi.org/10.1088/0031-8949/86/03/035001	Effectively irreversible fringe contrast attenuation induced by one degree of freedom	Physica Scripta (Print)	MAGALHAES, A. R. B. ; OLIVEIRA, Adélcio Carlos de	A4	
artigoEmPeriodico	 	2012	0375-9601	http://www.scopus.com/scopus/inward/citedby.url?partnerID=bb5nvXTn&rel=R6.0.0&doi=10.1016/j.physleta.2011.12.030&md5=2556f1d9f97a68cdf9afed65f8362997	Superconducting and excitonic quantum phase transitions in doped Dirac electronic systems	Physics Letters. A (Print)	Nunes, Lizardo H.C.M.; Farias, Ricardo L.S. ; Marino, Eduardo C.	A3	
artigoEmPeriodico	 	2012	0038-1098	http://www.scopus.com/scopus/inward/citedby.url?partnerID=bb5nvXTn&rel=R6.0.0&doi=10.1016/j.ssc.2012.08.019&md5=3bccdf7ad0b3becf16f1482bd3b740ce	Superconductivity in graphene stacks: From the bilayer to graphite	Solid State Communications	NUNES, LIZARDO H.C.M. ; MOTA, A.L. ; MARINO, E.C.	A4	
artigoEmPeriodico	 	2012	2153-1196	http://dx.doi.org/10.4236/jmp.2012.38094	Semiclassical Husimi Function of Simple and Chaotic Systems	Journal of Modern Physics	Oliveira, Adélcio C	B2	
artigoEmPeriodico	 	2012	0378-4371	http://www.scopus.com/scopus/inward/citedby.url?partnerID=bb5nvXTn&rel=R6.0.0&doi=10.1016/j.physa.2012.05.064&md5=29b40f03053bd31d38215fd4d73c7e0c	Influence of experimental resolution on the quantum-to-classical transition in the quartic oscillator	Physica. A (Print)	Oliveira, Adélcio C.; de Magalhães, A.R. Bosco ; de Faria, J.G. Peixoto	A1	
artigoEmPeriodico	 	2012	1539-3755	http://www.scopus.com/scopus/inward/citedby.url?partnerID=bb5nvXTn&rel=R6.0.0&doi=10.1103/physreve.85.010601&md5=592a274794a2663a97484d44b5f8360c	Universal fluctuations in Kardar-Parisi-Zhang growth on one-dimensional flat substrates	Physical Review. E, Statistical, Nonlinear, and Soft Matter Physics (Print)	OLIVEIRA, T. J. ; Ferreira, S. C. ; S. C. FERREIRA Jr. ; ALVES, S. G.	A1	
artigoEmPeriodico	 	2012	1094-1622	http://www.scopus.com/scopus/inward/citedby.url?partnerID=bb5nvXTn&rel=R6.0.0&doi=10.1103/physreva.86.033603&md5=6e156cd48d5ad92cf6ffc7601a27fe89	Finite-temperature phase diagram of quasi-two-dimensional imbalanced Fermi gases beyond mean field	Physical Review. A, Atomic, Molecular, and Optical Physics (Online)	M. A. RESENDE ; Mota, A L ; R. L. S. Farias ; Heron Caldas	A1	
artigoEmPeriodico	 	2012	1742-5468	http://www.scopus.com/scopus/inward/citedby.url?partnerID=bb5nvXTn&rel=R6.0.0&doi=10.1088/1742-5468/2012/05/p05006&md5=4a27a993c664fbd3b41eed626fccef5c	Correlation equalities and upper bounds for the transverse Ising model	Journal of Statistical Mechanics	Sá Barreto, F C ; Mota, A L	A2	
artigoEmPeriodico	 	2011	1742-5468	http://www.scopus.com/scopus/inward/citedby.url?partnerID=bb5nvXTn&rel=R6.0.0&doi=10.1088/1742-5468/2011/04/p04022&md5=bc14cc2a2a670a49fb47179773f520fd	Transitions in a probabilistic interface growth model	Journal of Statistical Mechanics	ALVES, S. G.; MOREIRA, J. G.	A2	
artigoEmPeriodico	 	2011	0295-5075	http://www.scopus.com/scopus/inward/citedby.url?partnerID=bb5nvXTn&rel=R6.0.0&doi=10.1209/0295-5075/96/48003&md5=a363f844d3919f78899eee734c1d9858	Universal fluctuations in radial growth models belonging to the KPZ universality class	Europhysics Letters (Print)	ALVES, S. G.; Oliveira, T. J. ; Ferreira, S. C.	A3	
artigoEmPeriodico	 	2011	1742-5468	http://dx.doi.org/10.1088/1742-5468/2011/10/P10005	An effective field theory model for one-dimensional CH chains: effects at finite chemical potential, temperature and external Zeeman magnetic field	Journal of Statistical Mechanics	Caldas, Heron	A2	
artigoEmPeriodico	 	2011	1539-3755	http://www.scopus.com/scopus/inward/citedby.url?partnerID=bb5nvXTn&rel=R6.0.0&doi=10.1103/physreve.84.011125&md5=dddc59f0d420f3d990be63220c104f24	Contact Process with Sublatttice Symmetry-Breaking	PHYSICAL REVIEW E	de OLIVEIRA, M. M.; Dickman, Ronald	A1	
artigoEmPeriodico	 	2011	1550-7998	http://www.scopus.com/scopus/inward/citedby.url?partnerID=bb5nvXTn&rel=R6.0.0&doi=10.1103/physrevd.83.125022&md5=586296c6829d63d7920889b6ec21ccb9	Scalar quantum field theory in disordered media	Physical Review. D, Particles, Fields, Gravitation, and Cosmology	Goulart, E.; Arias, E. ; Krein, G. ; Menezes, G. ; Svaiter, N.	A1	
artigoEmPeriodico	 	2011	1550-7998	http://www.scopus.com/scopus/inward/citedby.url?partnerID=bb5nvXTn&rel=R6.0.0&doi=10.1103/physrevd.84.105027&md5=a50785498968dd111535133f24e52a3c	Effective metric in nonlinear scalar field theories	Physical Review. D, Particles, Fields, Gravitation, and Cosmology	Goulart, E.; Bergliaffa, Santiago	A1	
artigoEmPeriodico	 	2011	0264-9381	http://www.scopus.com/scopus/inward/citedby.url?partnerID=bb5nvXTn&rel=R6.0.0&doi=10.1088/0264-9381/28/24/245008&md5=511f5067935f6d67ceb398e510b0b12b	Hidden geometries in nonlinear theories: a novel aspect of analogue gravity	Classical and Quantum Gravity (Print)	Goulart, E.; M. Novello ; F. T. Falciano ; TONIATO, J.	A1	
artigoEmPeriodico	 	2011	0217-751X	http://dx.doi.org/10.1142/S0217751X11053067	Momentum Space Regularizations and the Indeterminacy in the Schwinger Model	International Journal of Modern Physics A	Morais, C. W. ; MOTA, A. L.	A4	
artigoEmPeriodico	 	2011	0378-4371	http://www.scopus.com/scopus/inward/citedby.url?partnerID=bb5nvXTn&rel=R6.0.0&doi=10.1016/j.physa.2011.06.077&md5=f31906fb236aadac6f90a6377e0015fb	Scaling laws in the diffusion limited aggregation of persistent random walkers	Physica. A (Print)	Nogueira, Isadora R. ; Alves, Sidiney G. ; Ferreira, Silvio C.	A1	
artigoEmPeriodico	 	2011	0264-9381	http://www.scopus.com/scopus/inward/citedby.url?partnerID=bb5nvXTn&rel=R6.0.0&doi=10.1088/0264-9381/28/14/145022&md5=aadfff439b4f104d3f0208ebd78500ea	Beyond analog gravity: the case of exceptional dynamics	Classical and Quantum Gravity (Print)	NOVELLO, M. ; Goulart, E.	A1	
artigoEmPeriodico	 	2011	0003-6951	http://www.scopus.com/scopus/inward/citedby.url?partnerID=bb5nvXTn&rel=R6.0.0&doi=10.1063/1.3551619&md5=69b8b37b77159d3c79e93ffd23724e32	A multiscale model to evaluate the efficacy of anticancer therapies based on chimeric polypeptide nanoparticles	Applied Physics Letters	Paiva, L. R.; Martins, M. L.	A1	
artigoEmPeriodico	 	2011	1539-3755	http://www.scopus.com/scopus/inward/citedby.url?partnerID=bb5nvXTn&rel=R6.0.0&doi=10.1103/physreve.84.041918&md5=5b8570b81063b6e0d151720dbcc75981	Questing for an optimal, universal viral agent for oncolytic virotherapy	Physical Review. E, Statistical, Nonlinear, and Soft Matter Physics (Print)	Paiva, L. R.; Martins, M. L. ; Ferreira, S. C.	A1	
artigoEmPeriodico	 	2011	1539-3755	http://www.scopus.com/scopus/inward/citedby.url?partnerID=bb5nvXTn&rel=R6.0.0&doi=10.1103/physreve.84.061135&md5=58b5ff4aa4923dbbaf6f8dc9c42881dd	Ingredients of thermal rectification: The case of classical and quantum self-consistent harmonic chains of oscillators	Physical Review. E, Statistical, Nonlinear, and Soft Matter Physics (Print)	Pereira, Emmanuel ; Lemos, Humberto ; Ávila, Ricardo	A1	
artigoEmPeriodico	 	2011	1539-3755	http://www.scopus.com/scopus/inward/citedby.url?partnerID=bb5nvXTn&rel=R6.0.0&doi=10.1103/physreve.83.037101&md5=9d6d71829076d1b8a33986db12b4e6da	Explaining the high number of infected people by dengue in Rio de Janeiro in 2008 using a susceptible-infective-recovered model	Physical Review. E, Statistical, Nonlinear, and Soft Matter Physics (Print)	T. Botari ; ALVES, S. G. ; E. D. Leonel	A1	
artigoEmPeriodico	 	2010	1742-5468	http://dx.doi.org/10.1088/1742-5468/2010/09/P09012	Cluster¿cluster aggregation with particle replication and chemotaxy: a simple model for the growth of animal cells in culture	Journal of Statistical Mechanics	Alves, S G; Martins, M L	A2	
artigoEmPeriodico	 	2010	1742-5468	http://dx.doi.org/10.1088/1742-5468/2010/03/P03027	Temperature effects on the magnetization of quasi-one-dimensional Peierls distorted materials	Journal of Statistical Mechanics	Caldas, Heron	A2	
artigoEmPeriodico	 	2010	0217-751X	http://dx.doi.org/10.1142/s0217751x10050573	GEOMETRICAL PROPERTIES OF ELECTROMAGNETIC TIDAL FORCES	International Journal of Modern Physics A	GOULART, ÉRICO; FALCIANO, FELIPE TOVAR	A4	
artigoEmPeriodico	 	2009	0021-9606	http://www.scopus.com/scopus/inward/citedby.url?partnerID=bb5nvXTn&rel=R6.0.0&doi=10.1063/1.3158359&md5=91ec6bc8d8325c16657a2b75e6557a39	Effects of the mean free path and relaxation in a model for the aggregation of particles in superfluid media	Journal of Chemical Physics	ALVES, S. G.; VILESOV, A. F. ; FERREIRA Jr, S. C.	A2	
artigoEmPeriodico	 	2009	0202-2893	http://dx.doi.org/10.1134/s0202289309030013	Gravitational waves in singular and bouncing FLRW universes	Gravitation & Cosmology (Print)	ANTUNES, V. ; Goulart, E. ; NOVELLO, M.	B2	
artigoEmPeriodico	 	2009	0550-3213	http://www.scopus.com/scopus/inward/citedby.url?partnerID=bb5nvXTn&rel=R6.0.0&doi=10.1016/j.nuclphysb.2008.09.002&md5=4aa2e6aca7e9535f47d4499e67b36698	Asymmetrically doped polyacetylene	Nuclear Physics. B (Print)	Caldas, H	A3	
artigoEmPeriodico	 	2009	0921-4526	http://www.scopus.com/scopus/inward/citedby.url?partnerID=bb5nvXTn&rel=R6.0.0&doi=10.1016/j.physb.2009.07.068&md5=f321e1dc64476611b6043b9ec59e4b1b	Asymmetrically Doped 1-Dimensional Trans-Polymers	Physica. B, Condensed Matter	Caldas, H	A4	
artigoEmPeriodico	 	2009	1098-0121	http://www.scopus.com/scopus/inward/citedby.url?partnerID=bb5nvXTn&rel=R6.0.0&doi=10.1103/physrevb.80.115428&md5=76994a232b74e0ae603c11f7c83f816d	Magnetization of planar four-fermion systems	PHYSICAL REVIEW B	Caldas, Heron; Ramos, Rudnei O.	A1	
artigoEmPeriodico	 	2009	0264-9381	http://www.scopus.com/scopus/inward/citedby.url?partnerID=bb5nvXTn&rel=R6.0.0&doi=10.1088/0264-9381/26/13/135015&md5=c20cf1be20564867b192af140f34b07b	A classification of the effective metric in nonlinear electrodynamics	Classical and Quantum Gravity (Print)	DE OLIVEIRA COSTA, ÉRICO GOULART; PEREZ BERGLIAFFA, SANTIAGO ESTEBAN	A1	
artigoEmPeriodico	 	2009	1550-7998	http://dx.doi.org/10.1103/PhysRevD.79.085002	Axial-vector coupling and chiral anomaly in the spectral quark model	Physical Review D, Particles, Fields, Gravitation and Cosmology	FERREIRA, L. C. ; MOTA, A. L.	A1	
artigoEmPeriodico	 	2009	0217-751X	http://www.scopus.com/scopus/inward/citedby.url?partnerID=bb5nvXTn&rel=R6.0.0&doi=10.1142/s0217751x0904628x&md5=78396b4bfd947275854b1e54d72d34c6	FORMAL ANALOGIES BETWEEN GRAVITATION AND ELECTRODYNAMICS	International Journal of Modern Physics A	Goulart, E.; FALCIANO, F. T.	A4	
artigoEmPeriodico	 	2009	1539-3755	http://www.scopus.com/scopus/inward/citedby.url?partnerID=bb5nvXTn&rel=R6.0.0&doi=10.1103/physreve.80.026204&md5=0d0cc2a4962ccb91e5798db696a18164	Role of the effective Hilbert-space size of the reservoir for the decoherence process	Physical Review. E, Statistical, Nonlinear and Soft Matter Physics	Oliveira, Adélcio C.; de Magalhães, A. R. Bosco	A1	
artigoEmPeriodico	 	2009	0378-4371	http://dx.doi.org/10.1016/j.physa.2008.12.055	Tunnel effect as a hidden variable theory test	Physica. A	OLIVEIRA, Adélcio Carlos de; Amarante-Segundo, Gesil S.	A1	
artigoEmPeriodico	 	2009	1751-8113	http://www.scopus.com/scopus/inward/citedby.url?partnerID=bb5nvXTn&rel=R6.0.0&doi=10.1088/1751-8113/42/38/385002&md5=06df3dbca845cee7c52488fab4182ca1	On the topological phase transition of the two-dimensional XY-model on the Voronoi¿Delaunay lattice	Journal of Physics. A, Mathematical and Theoretical (Print)	Oliveira-Neto, N M ; ALVES, S. G. ; Silva, R L ; Pereira, A R ; Moura-Melo, W A	A2	
artigoEmPeriodico	 	2009	0008-5472	http://www.scopus.com/scopus/inward/citedby.url?partnerID=bb5nvXTn&rel=R6.0.0&doi=10.1158/0008-5472.can-08-2173&md5=0d2caab4a3023e19894575d8dfc293c9	A Multiscale Mathematical Model for Oncolytic Virotherapy	Cancer Research	PAIVA, L. R.; Binny, C. ; Ferreira, S. C. ; Martins, M. L.	Qualis nao identificado	CANCER RESEARCH
artigoEmPeriodico	 	2009	1751-8113	http://www.scopus.com/scopus/inward/citedby.url?partnerID=bb5nvXTn&rel=R6.0.0&doi=10.1088/1751-8113/42/22/225006&md5=d54c387d6fe46433dc220c2b3ffea2e6	Symmetry of heat conductivity in inhomogeneous quantum chains	Journal of Physics. A, Mathematical and Theoretical	Pereira, Emmanuel ; Lemos, Humberto C F	A2	
artigoEmPeriodico	 	2009	1742-5468	http://www.scopus.com/scopus/inward/citedby.url?partnerID=bb5nvXTn&rel=R6.0.0&doi=10.1088/1742-5468/2009/08/p08011&md5=85c5c655c31ff1cb2eefb81700de0c59	Quasi-stationary simulations of the directed percolation universality class in d=3 dimensions	Journal of Statistical Mechanics	R. S. Sander ; de OLIVEIRA, M. M. ; FERREIRA JR., S. C.	A2	
artigoEmPeriodico	 	2008	0103-9733	http://www.scopus.com/scopus/inward/citedby.url?partnerID=bb5nvXTn&rel=R6.0.0&doi=10.1590/s0103-97332008000100016&md5=ccfa745092686d8a9b3bb09976d96df1	Strategies for optimize off-lattice agregate simulations	Brazilian Journal of Physics (Impresso)	ALVES, S. G.; FERREIRA Jr, S. C. ; MARTINS, M. L.	A3	
artigoEmPeriodico	 	2008	1742-5468	http://www.scopus.com/scopus/inward/citedby.url?partnerID=bb5nvXTn&rel=R6.0.0&doi=10.1088/1742-5468/2008/08/p08013&md5=d585c87b13fecea161b5d1c6bd336353	Temperature effects in a Fermi gas with population imbalance	Journal of Statistical Mechanics. Theory and Experiment	Caldas, Heron ; A. L. Mota	A2	
artigoEmPeriodico	 	2008	1098-0121	http://www.scopus.com/scopus/inward/citedby.url?partnerID=bb5nvXTn&rel=R6.0.0&doi=10.1103/physrevb.77.205109&md5=eb1cc0dea702e53da7c666658b644de5	Critical dopant concentration in polyacetylene and phase diagram from a continuous four-Fermi model	Physical Review. B, Condensed Matter and Materials Physics	Caldas, Heron; Kneur, Jean-Loïc ; Pinto, Marcus Benghi ; Ramos, Rudnei O.	A1	
artigoEmPeriodico	 	2008	1742-5468	http://www.scopus.com/scopus/inward/citedby.url?partnerID=bb5nvXTn&rel=R6.0.0&doi=10.1088/1742-5468/2008/11/p11001&md5=853e16218ab308e59b68f8cefc063bc3	Universality of the contact process with random dilution	Journal of Statistical Mechanics	de OLIVEIRA, M. M.; FERREIRA JR., S. C.	A2	
artigoEmPeriodico	 	2008	0202-2893	http://dx.doi.org/10.1134/s0202289308040051	Cosmological stability of Weyl conformal tensor	Gravitation & Cosmology (Print)	Goulart, E.; NOVELLO, M.	B2	
artigoEmPeriodico	 	2008	1063-651X	http://www.scopus.com/scopus/inward/citedby.url?partnerID=bb5nvXTn&rel=R6.0.0&doi=10.1103/physreve.78.031133&md5=3abc0757899c3889fa33968625c02c89	Contact process on a Voronoi triangulation	Physical Review E - Statistical Physics, Plasmas, Fluids and Related Interdisciplinary Topics	Marcelo Martins de Oliveira ; ALVES, S. G. ; FERREIRA Jr, S. C. ; Ronald Dickman	A1	
artigoEmPeriodico	 	2008	1539-3755	http://www.scopus.com/scopus/inward/citedby.url?partnerID=bb5nvXTn&rel=R6.0.0&doi=10.1103/physreve.78.031108&md5=a2cc410c061b1d1caeacda141bc8fbe3	Symmetry properties of heat conduction in inhomogeneous materials	Physical Review. E, Statistical, Nonlinear and Soft Matter Physics	PEREIRA, E. ; LEMOS, Humberto C. F.	A1	
artigoEmPeriodico	 	2007	1742-5468	http://dx.doi.org/10.1088/1742-5468/2007/10/p10015	Symmetry break in ferromagnetic electrocrystallization: the interplay between dipolar interactions and Laplacian growth	Journal of Statistical Mechanics	ALVES, S. G.; BRAGA, F. L. ; MARTINS, M. L.	A2	
artigoEmPeriodico	 	2007	1742-5468	http://www.scopus.com/scopus/inward/citedby.url?partnerID=bb5nvXTn&rel=R6.0.0&doi=10.1088/1742-5468/2007/11/p11012&md5=51e606328e850b97d83b1f36051ef573	Surface energy in cold asymmetrical fermion superfluids	Journal of Statistical Mechanics. Theory and Experiment	Caldas, Heron	A2	
artigoEmPeriodico	 	2007	1095-3787	http://www.scopus.com/scopus/inward/citedby.url?partnerID=bb5nvXTn&rel=R6.0.0&doi=10.1103/physreve.76.031116&md5=0568ee97a6ab93f1a4ddbf1559e992c2	Heat conduction in quantum harmonic chains with alternate masses and self-consistent thermal reservoirs	Physical Review. E, Statistical Physics, Plasmas, Fluids, and Related Interdisciplinary Topics (Online)	FRANCISCO NETO, A. ; LEMOS, H. C. F. ; PEREIRA, E.	A1	PHYSICAL REVIEW E - STATISTICAL PHYSICS, PLASMAS, FLUIDS AND RELATED INTERDISCIPLINARY TOPICS
artigoEmPeriodico	 	2007	0378-4371	http://dx.doi.org/10.1016/j.physa.2006.07.004	Effects of temperature on the relaxation to equilibrium and stationary nonequilibrium states of some Langevin systems	Physica. A	LEMOS, Humberto C. F.; PEREIRA, E.	A1	
artigoEmPeriodico	 	2007	0264-9381	http://www.scopus.com/scopus/inward/citedby.url?partnerID=bb5nvXTn&rel=R6.0.0&doi=10.1088/0264-9381/24/11/015&md5=7cd9efe5dde93f5c2bf8791af47b5a65	Cosmological Effects of Nonlinear Electrodynamics	Classical and Quantum Gravity (Print)	M. Novello ; J. Salim ; S. Bergliafa ; Goulart, E.	A1	
artigoEmPeriodico	 	2007	0550-3213	http://www.scopus.com/scopus/inward/citedby.url?partnerID=bb5nvXTn&rel=R6.0.0&doi=10.1016/j.nuclphysb.2007.01.029&md5=9391efcbfe0d1e6fb63d87501dff8f6a	Magnetic field effects on the superconducting and quantum critical properties of layered systems with Dirac electrons	Nuclear Physics. B	MARINO, E ; NUNES, L	A3	
artigoEmPeriodico	 	2007	1434-6001	http://www.scopus.com/scopus/inward/citedby.url?partnerID=bb5nvXTn&rel=R6.0.0&doi=10.1140/epja/i2006-10243-1&md5=0a3b9d84a08d742cd1027aab1df40698	Relativistic NJL model with light and heavy quarks	European Physical Journal. A, Hadrons and Nuclei (Print)	MOTA, A. L.; Ruiz Arriola, E.	A2	
artigoEmPeriodico	 	2007	0305-4470	http://www.scopus.com/scopus/inward/citedby.url?partnerID=bb5nvXTn&rel=R6.0.0&doi=10.1088/1751-8113/40/1/f05&md5=e5cb5113494977a3df9f3502ff041286	Universality class of isotropic on-lattice Eden clusters	Journal of Physics. A, Mathematical and General (Print) (Cessou em 2006. Cont. ISSN 1751-8113 Journal of Physics. A, Mathematical and Theoretical (Pri	PAIVA, L. R.; S C Ferreira Jr	A2	JOURNAL OF PHYSICS. A, MATHEMATICAL AND THEORETICAL
artigoEmPeriodico	 	2007	0031-9007	http://dx.doi.org/10.1103/PhysRevLett.99.068001	Granular Fingers on Jammed Systems: New Fluidlike Patterns Arising in Grain-Grain Invasion Experiments	Physical Review Letters (Print)	Sandro F. Pinto ; M. S. Couto ; A. P. F. Atman ; ALVES, S. G. ; Americo T. Bernardes ; H. F. V. de Resende ; E. C. Souza	A1	
artigoEmPeriodico	 	2006	1742-5468	http://www.scopus.com/scopus/inward/citedby.url?partnerID=bb5nvXTn&rel=R6.0.0&doi=10.1088/1742-5468/2006/11/p11007&md5=4d418171404201203406e7adbd01f79f	Pitfalls in the determination of the universality class of radial clusters	JOURNAL OF STATISTICAL MECHANICS-THEORY AND EXPERIMENT	ALVES, S	A2	
artigoEmPeriodico	 	2006	0305-4470	http://www.scopus.com/scopus/inward/citedby.url?partnerID=bb5nvXTn&rel=R6.0.0&doi=10.1088/0305-4470/39/12/001&md5=86b7231bb32935d7136de36c41f5a351	Is it really possible to grow isotropic on-lattice diffusion-limited aggregates?	Journal of Physics. A, Mathematical and General	ALVES, S. G.; FERREIRA Jr, S. C.	Qualis nao identificado	JOURNAL OF PHYSICS. A, MATHEMATICAL AND GENERAL
artigoEmPeriodico	 	2006	1539-3755	http://www.scopus.com/scopus/inward/citedby.url?partnerID=bb5nvXTn&rel=R6.0.0&doi=10.1103/physreve.73.051401&md5=a11c228217f46645d24d08902591644a	Aggregation in a mixture of Brownian and ballistic wandering particles	Physical Review. E, Statistical, Nonlinear, and Soft Matter Physics (Print)	ALVES, S. G.; FERREIRA Jr, S. C.	A1	
artigoEmPeriodico	 	2006	1095-3787	http://www.scopus.com/scopus/inward/citedby.url?partnerID=bb5nvXTn&rel=R6.0.0&doi=10.1103/physreve.74.052102&md5=24c442bd63a3ac0d3bc1e937f4e15960	Changing the heat conductivity: An analytical study	Physical Review. E, Statistical Physics, Plasmas, Fluids, and Related Interdisciplinary Topics (Online) (Cessou em 2000. Cont. ISSN 1550-2376 Physical	BARROS, F. ; LEMOS, Humberto C. F. ; PEREIRA, E.	Qualis nao identificado	PHYSICAL REVIEW. E, STATISTICAL PHYSICS, PLASMAS, FLUIDS, AND RELATED INTERDISCIPLINARY TOPICS (ONLINE) (CESSOU EM 2000. CONT. ISSN 1550-2376 PHYSICAL
artigoEmPeriodico	 	2006	0103-9733	http://www.scopus.com/scopus/inward/citedby.url?partnerID=bb5nvXTn&rel=R6.0.0&doi=10.1590/s0103-97332006000500020&md5=d7ff83eda568bf4f9bd3020d0708c058	Quasi-stationary simulation: the subcritical contact process	BRAZILIAN JOURNAL OF PHYSICS	de OLIVEIRA, M. M.; R. Dickman	A3	
artigoEmPeriodico	 	2006	1550-2376	http://dx.doi.org/10.1103/PhysRevE.74.011124	Moment ratios for the pair-contact process with diffusion	PHYSICAL REVIEW E (STATISTICAL, NONLINEAR, AND SOFT MATTER PHYSICS)	de Oliveira, Marcelo M.; Dickman, Ronald	A1	
artigoEmPeriodico	 	2006	0217-7323	http://www.scopus.com/scopus/inward/citedby.url?partnerID=bb5nvXTn&rel=R6.0.0&doi=10.1142/s021773230601869x&md5=4bf84bb3fa4a4711126f5b005c68591b	Symmetries and Ambiguities in the linear sigma model with light quarks	Modern Physics Letters A	DIAS, E. W. ; NEMES, Maria Carolina ; A. L. Mota ; SAMPAIO, Marcos Donizetti Rodrigues ; HILLER, Brigitte ; OSIPOV, Alexander A	B1	
artigoEmPeriodico	 	2006	0305-4470	http://www.scopus.com/scopus/inward/citedby.url?partnerID=bb5nvXTn&rel=R6.0.0&doi=10.1088/0305-4470/39/30/002&md5=c138e9d5521d7fa89ae3be1e54cacf7d	Heat conduction in a weakly anharmonic chain: an analytical approach	Journal of Physics. A, Mathematical and General (Print) (Cessou em 2006. Cont. ISSN 1751-8113 Journal of Physics. A, Mathematical and Theoretical (Pri	FRANCISCO NETO, A. ; LEMOS, Humberto C. F. ; PEREIRA, E.	A2	JOURNAL OF PHYSICS. A, MATHEMATICAL AND THEORETICAL
artigoEmPeriodico	 	2006	0375-9474	http://www.scopus.com/scopus/inward/citedby.url?partnerID=bb5nvXTn&rel=R6.0.0&doi=10.1016/j.nuclphysa.2006.02.002&md5=b097d42f79ee3e4cfc2de3a83b76d039	The role of hidden ambiguities in the linear sigma model with fermions	Nuclear Physics A	HILLER, Brigitte ; A. L. Mota ; NEMES, Maria Carolina ; OSIPOV, Alexander A ; SAMPAIO, Marcos	A4	
artigoEmPeriodico	 	2006	0550-3213	http://www.scopus.com/scopus/inward/citedby.url?partnerID=bb5nvXTn&rel=R6.0.0&doi=10.1016/j.nuclphysb.2006.02.025&md5=be5b88ea8bf53d1484bea2b6f68a4159	Quantum criticality and superconductivity in quasi-two-dimensional Dirac electronic systems	Nuclear Physics. B	MARINO, E ; NUNES, L	A3	
artigoEmPeriodico	 	2006	0375-9601	http://www.scopus.com/scopus/inward/citedby.url?partnerID=bb5nvXTn&rel=R6.0.0&doi=10.1016/j.physleta.2006.01.028&md5=2fa2acae21350a55d6061f76d982dda6	Quantum entanglement and fixed point Hopf bifurcation	Physics Letters A	NEMES, M. C. ; FURUYA, ; PELEGRINO, G. Q. ; OLIVEIRA, Adélcio Carlos de ; REIS, M. ; SANZ, L.	A3	
artigoEmPeriodico	 	2006	0375-9601	http://www.scopus.com/scopus/inward/citedby.url?partnerID=bb5nvXTn&rel=R6.0.0&doi=10.1016/j.physleta.2006.05.025&md5=7ffc2dd79259423900fac34e23e4a4a5	Study of the Kondo and high-temperature limits of the slave-boson and X-boson methods	Physics Letters A	NUNES, Lizardo H. C. M.; FIGUEIRA, M. S. ; FOGLIO, M.	A3	
artigoEmPeriodico	 	2006	0921-4526	http://www.scopus.com/scopus/inward/citedby.url?partnerID=bb5nvXTn&rel=R6.0.0&doi=10.1016/j.physb.2006.01.228&md5=60625b7f8c4d41e382c429402efc6528	From the spin-fermion model to anisotropic superconductivity	Physica. B, Condensed Matter	NUNES, Lizardo H. C. M.; MARINO, E. C.	A4	
artigoEmPeriodico	 	2006	1063-651X	http://www.scopus.com/scopus/inward/citedby.url?partnerID=bb5nvXTn&rel=R6.0.0&doi=10.1103/physreve.73.046207&md5=2d0cba10400fe7ca8f90039b90327070	Quantum Classical Transition of the open quartic oscillator: The role of the environment	Physical Review E - Statistical Physics, Plasmas, Fluids and Related Interdisciplinary Topics	OLIVEIRA, Adélcio Carlos de; J. G. Peixoto de Faria ; NEMES, M. C.	A1	
artigoEmPeriodico	 	2006	0375-9601	http://www.scopus.com/scopus/inward/citedby.url?partnerID=bb5nvXTn&rel=R6.0.0&doi=10.1016/j.physleta.2005.11.076&md5=8e56631345b3b3923e78048710a6db5b	The effect of temperature on the Hurst and growth exponents of CdTe polycrystalline films.	Physics Letters A	S. O. Ferreira ; I. R. B. RIBEIRO ; J. SUELA ; I.L. Menezes-Sobrinho ; FERREIRA Jr, S. C. ; ALVES, S. G.	A3	
artigoEmPeriodico	 	2005	0556-2821	http://www.scopus.com/scopus/inward/citedby.url?partnerID=bb5nvXTn&rel=R6.0.0&doi=10.1103/physrevd.72.045008&md5=f2e04a1091c54be88703f8b16c93f014	Phase Transition in Asymmetrical Superfluids I: Equal Fermi Surfaces	Physical Review D, Particles, Fields, Gravitation and Cosmology	CALDAS, Heron Carlos de Godoy ; MORAIS, Cláudio Wagner ; A. L. Mota	A1	
artigoEmPeriodico	 	2005	1550-2376	http://www.scopus.com/scopus/inward/citedby.url?partnerID=bb5nvXTn&rel=R6.0.0&doi=10.1103/physreve.71.016129&md5=a86ce1e5cd59f6ce0177f715dbd0f914	How to simulate the quasistationary state	PHYSICAL REVIEW E (STATISTICAL, NONLINEAR, AND SOFT MATTER PHYSICS)	DE OLIVEIRA, MARCELO MARTINS; Dickman, Ronald	A1	
artigoEmPeriodico	 	2005	0378-4371	http://www.scopus.com/scopus/inward/citedby.url?partnerID=bb5nvXTn&rel=R6.0.0&doi=10.1016/j.physa.2005.05.051&md5=707fc7f3515c5963f69213078778bfd6	Quasi-stationary simulation of the contact process	Physica. A	DICKMAN, R ; de OLIVEIRA, M. M.	A1	
artigoEmPeriodico	 	2005	1539-3755	http://www.scopus.com/scopus/inward/citedby.url?partnerID=bb5nvXTn&rel=R6.0.0&doi=10.1103/physreve.71.051402&md5=a52ba6d1ae63244a03f294c22b382607	Morphological transition between diffusion-limited and ballistic aggregation growth patterns	Physical Review. E, Statistical, Nonlinear, and Soft Matter Physics (Print)	FERREIRA Jr, S. C. ; ALVES, S. G. ; Faissal Brito, A. ; MOREIRA, J. G.	A1	
artigoEmPeriodico	 	2005	0375-9601	http://www.scopus.com/scopus/inward/citedby.url?partnerID=bb5nvXTn&rel=R6.0.0&doi=10.1016/j.physleta.2005.06.064&md5=f41f09d44bc36c9dfb43e66991eb7f49	Relation between Quantum Phase Transition and Classical Instability Points in the Pairing Model	Physics Letters. A (Print)	REIS, M. ; CUNHA, T. ; OLIVEIRA, Adélcio Carlos de ; NEMES, M. C.	A3	
artigoEmPeriodico	 	2004	0556-2813	http://www.scopus.com/scopus/inward/citedby.url?partnerID=bb5nvXTn&rel=R6.0.0&doi=10.1103/physrevc.69.035204&md5=15d7572a30abb436bb6018a1ad451b74	Neutral pion decay width in a hot and dense medium	Physical Review. C, Nuclear Physics	Caldas, Heron	A1	
artigoEmPeriodico	 	2004	1050-2947	http://www.scopus.com/scopus/inward/citedby.url?partnerID=bb5nvXTn&rel=R6.0.0&doi=10.1103/physreva.69.063602&md5=ac4205fe7994ef29583434da69576532	Cold asymmetrical fermion superfluids	Physical Review. A	Caldas, Heron	A1	
artigoEmPeriodico	 	2004	0556-2821	http://dx.doi.org/10.1103/PhysRevD.70.065019	Infrared behavior of the pressure in g phi3 theory reexamined	Physical Review. D. Particles and fields (Cessou em 2003. Cont. 1550-7998 Physical review. D, Particles, Fields, Gravitation, and Cosmology)	CALDAS, Heron Carlos de Godoy ; A. L. Mota	A1	
artigoEmPeriodico	 	2004	0378-4371	http://www.scopus.com/scopus/inward/citedby.url?partnerID=bb5nvXTn&rel=R6.0.0&doi=10.1016/j.physa.2004.06.155&md5=784e477a3c9a9045a8e56f6a7c0eeccf	Quasi-stationary distributions for models of heterogeneous catalysis	PHYSICA A-STATISTICAL MECHANICS AND ITS APPLICATIONS	de Oliveira, Marcelo M.; Dickman, Ronald	A1	
artigoEmPeriodico	 	2004	0304-8853	http://www.scopus.com/scopus/inward/citedby.url?partnerID=bb5nvXTn&rel=R6.0.0&doi=10.1016/j.jmmm.2003.12.1219&md5=0c965c114d865c3ac2be3f7725a66f7e	Heavy fermion d-wave superconductivity: an X-boson approach*1	Journal of Magnetism and Magnetic Materials	HCMNUNES, L	A2	
artigoEmPeriodico	 	2004	0921-4534	http://www.scopus.com/scopus/inward/citedby.url?partnerID=bb5nvXTn&rel=R6.0.0&doi=10.1016/j.physc.2004.02.160&md5=4bc6986bb007893bdb3e52f7ed7514de	Superconductor?insulator transition induced by pressure within the X-boson approach	Physica. C, Superconductivity	NUNES, L; FIGUEIRA, M ; DEMELLLO, E	B1	
artigoEmPeriodico	 	2004	0021-9606	http://www.scopus.com/scopus/inward/citedby.url?partnerID=bb5nvXTn&rel=R6.0.0&doi=10.1063/1.1775780&md5=c0e6b409e768f6b5cca2064e189436cc	Field Theoretical Approach to Electrochemical Deposition	Journal of Chemical Physics	TARÔCO, Hosane Aparecida ; A. L. Mota	A2	
artigoEmPeriodico	 	2003	0031-9007	http://dx.doi.org/10.1103/PhysRevLett.91.247002	Phase Separation in Asymmetrical Fermion Superfluids	Physical Review Letters	Bedaque, Paulo F. ; Caldas, Heron ; Rupak, Gautam	A1	
artigoEmPeriodico	 	2003	0556-2821	http://www.scopus.com/scopus/inward/citedby.url?partnerID=bb5nvXTn&rel=R6.0.0&doi=10.1103/physrevd.67.045011&md5=a589244cbee107b0a020ee51921b60ff	Analytic properties of thermal corrected boson propagators	Physical Review D	CALDAS, H. C. G.; Hott, M.	A1	
artigoEmPeriodico	 	2003	1098-0121	http://www.scopus.com/scopus/inward/citedby.url?partnerID=bb5nvXTn&rel=R6.0.0&doi=10.1103/physrevb.68.134511&md5=4fd2d878ffe9cc8777f119081ada7289	Heavy-fermion superconductivity:?An X-boson treatment	Physical Review. B, Condensed Matter and Materials Physics	NUNES, Lizardo H. C. M.; FIGUEIRA, M. S. ; de Mello, E. V. L.	A1	
artigoEmPeriodico	 	2003	1063-651X	http://www.scopus.com/scopus/inward/citedby.url?partnerID=bb5nvXTn&rel=R6.0.0&doi=10.1103/physreve.68.036214&md5=750cac4ef084e224630880554bbef581	Quantum Time Scales and the classical limit: Analytic Results for some simple systems.	Physical Review E - Statistical Physics, Plasmas, Fluids and Related Interdisciplinary Topics	OLIVEIRA, Adélcio Carlos de; ROMERO, K. Fonseca ; NEMES, M. C.	A1	
artigoEmPeriodico	 	2002	0101-8515		Os limites das eleições democráticas	Ciência Hoje	ALVES, S. G.; MARTINS, M. L. ; Americo T. Bernardes	Qualis nao identificado	CIÊNCIA HOJE
artigoEmPeriodico	 	2002	0378-4371	http://www.scopus.com/scopus/inward/citedby.url?partnerID=bb5nvXTn&rel=R6.0.0&doi=10.1016/s0378-4371(02)01208-6&md5=c1534fdc40ffd46655902ac2af7f8431	Electoral surveys' influence on the voting processes: a cellular automata model	Physica. A (Print)	ALVES, S. G.; OLIVEIRA NETO, N. M. ; MARTINS, M. L.	A1	
artigoEmPeriodico	 	2002	0550-3213	http://www.scopus.com/scopus/inward/citedby.url?partnerID=bb5nvXTn&rel=R6.0.0&doi=10.1016/s0550-3213(01)00633-2&md5=c98e584b4fef22bca4a0d91d86893bca	The fermion boson interaction within the linear sigma model at finite temperature	Nuclear Physics. B	Caldas, H	A3	
artigoEmPeriodico	 	2002	0556-2821	http://www.scopus.com/scopus/inward/citedby.url?partnerID=bb5nvXTn&rel=R6.0.0&doi=10.1103/physrevd.66.105015&md5=71c05874a61619ec97cccff99f71df0f	Symmetry nonrestoration in a resummed renormalized theory at high temperature	Physical Review D	Caldas, H	A1	
artigoEmPeriodico	 	2002	0556-2821	http://www.scopus.com/scopus/inward/citedby.url?partnerID=bb5nvXTn&rel=R6.0.0&doi=10.1103/physrevd.65.065005&md5=54e3e21d66b522b9e94d11cfd28546cf	Dressing a scalar mass up to two-loop order at finite temperature	Physical Review D	CALDAS, H. C. G	A1	
artigoEmPeriodico	 	2002	1806-1117	http://dx.doi.org/10.1590/s1806-11172002000400011	O Fenômeno de Transição de Fase no Modelo de Percolação de Elos* em d Dimensões	Revista Brasileira de Ensino de Física (São Paulo)	de OLIVEIRA, M. M.; Braga, G. A.	A1	
artigoEmPeriodico	 	2002	0378-4371	http://www.scopus.com/scopus/inward/citedby.url?partnerID=bb5nvXTn&rel=R6.0.0&doi=10.1016/s0378-4371(01)00685-9&md5=e2d83473fa3b7713c166ac24bbd5f572	Nonextensive Thermodynamics Applied to Superconductivity	Physica. A	NUNES, Lizardo H. C. M.; MELLO, E. V. L.	A1	
artigoEmPeriodico	 	2001	0843-6061	http://www.scopus.com/scopus/inward/citedby.url?partnerID=bb5nvXTn&rel=R6.0.0&doi=null&md5=f8a2d9f8af7e0fb17f9968fbbee28b49	Spreading of wave packets, uncertainty relations and the de Broglie frequency	Apeiron (Montreal)	CALDAS, H. C. G.; P.R. Silva	C	
artigoEmPeriodico	 	2001	0370-2693	http://www.scopus.com/scopus/inward/citedby.url?partnerID=bb5nvXTn&rel=R6.0.0&doi=10.1016/s0370-2693(01)01344-2&md5=1531f85fa37565aacff140b861e42f10	On the renormalization of a bosonized version of the chiral fermion¿meson model at finite temperature	Physics Letters. B (Print)	Caldas, H; NEMES, M. C.	A2	
artigoEmPeriodico	 	2001	0556-2821	http://www.scopus.com/scopus/inward/citedby.url?partnerID=bb5nvXTn&rel=R6.0.0&doi=10.1103/physrevd.63.056011&md5=f11c77254a9ac52edf926ef88db35ff0	Chiral fermion meson model at finite temperature	Physical Review. D. Particles and fields (Cessou em 2003. Cont. 1550-7998 Physical review. D, Particles, Fields, Gravitation, and Cosmology)	CALDAS, Heron Carlos de Godoy ; A. L. Mota ; NEMES, Maria Carolina	A1	
artigoEmPeriodico	 	2001	0378-4371	http://www.scopus.com/scopus/inward/citedby.url?partnerID=bb5nvXTn&rel=R6.0.0&doi=10.1016/s0378-4371(01)00147-9&md5=b74d09f6fecca5d4bcb954863269c192	BCS Model in Tsallis Statistical Framework	Physica. A	NUNES, Lizardo H. C. M.; MELLO, E. V. L.	A1	
artigoEmPeriodico	 	2001	0281-1847	http://www.scopus.com/scopus/inward/citedby.url?partnerID=bb5nvXTn&rel=R6.0.0&doi=10.1238/physica.regular.064a00279&md5=927c1656745277b6eb3cf4e18c7a1e68	Classical Structures in the Husimi Distributions of Stationary States for H2 and HCl Molecules	Physica Scripta. Topical Issues	OLIVEIRA, Adélcio Carlos de; NEMES, M. C.	Qualis nao identificado	PHYSICA SCRIPTA. TOPICAL ISSUES
artigoEmPeriodico	 	2000	1063-651X	http://www.scopus.com/scopus/inward/citedby.url?partnerID=bb5nvXTn&rel=R6.0.0&doi=10.1103/physreve.62.7024&md5=35007485535de3e2ddc5356eab67a4ea	Cellular Automata Model for Citrus Variegated Chlorosis	Physical Review E. (Cessou em 2000. Cont. 1539-3755 Physical Review. E, Statistical, Nonlinear, and Soft Matter Physics)	MARTINS, M. L. ; G. Ceotto ; ALVES, S. G. ; BUFFON, C. C. B. ; SILVA, J. M. ; LARANJEIRA, F. F.	A1	
artigoEmPeriodico	 	1999	0375-9474	http://www.scopus.com/scopus/inward/citedby.url?partnerID=bb5nvXTn&rel=R6.0.0&doi=10.1016/s0375-9474(99)00147-5&md5=b79f83ae8aaa444b458c85de67c106ad	Meson Properties in a Renormalizable Version of the NJL Model	Nuclear Physics A	A. L. Mota; NEMES, Maria Carolina ; HILLER, Brigitte ; WALLISER, H.	A4	
artigoEmPeriodico	 	1998	0370-2693	http://www.scopus.com/scopus/inward/citedby.url?partnerID=bb5nvXTn&rel=R6.0.0&doi=10.1016/s0370-2693(98)01461-0&md5=5bed7473213657f073290a2b5a24a901	Statistical Approach for Quantum Gravity Fluctuations in QFT	Physics Letters. Section B	ACEBAL, J. L. ; CHAVES, A. S. ; FIGUEIREDO, J. M. ; A. L. Mota ; NEMES, Maria Carolina	A2	
artigoEmPeriodico	 	1998	0217-7323	http://www.scopus.com/scopus/inward/citedby.url?partnerID=bb5nvXTn&rel=R6.0.0&doi=10.1142/s0217732398001686&md5=6d6f5c053ad7d1ccaf40cb78d63a616a	Consistency Conditions for 4-D Regularizations	Modern Physics Letters A	BATTISTEL, O. ; A. L. Mota ; NEMES, Maria Carolina	B1	
artigoEmPeriodico	 	1998	0556-2813	http://www.scopus.com/scopus/inward/citedby.url?partnerID=bb5nvXTn&rel=R6.0.0&doi=10.1103/physrevc.57.857&md5=d3298f793e3d3dcf950c37eca681add7	Dimensional Effects in a Relativistic Mean-Field Approach.	Physical Review. C, Nuclear Physics	DELFINO, A. ; NUNES, Lizardo H. C. M. ; MARTINS, J. S. Sa	A1	
artigoEmPeriodico	 	1997	0375-9474	http://www.scopus.com/scopus/inward/citedby.url?partnerID=bb5nvXTn&rel=R6.0.0&doi=10.1016/s0375-9474(96)00435-6&md5=3daf90b01300f3834319ee7fcb197b9d	Simple parametrizations of light meson properties in hot or dense matter	Nuclear Physics. A (Print)	A. L. Mota; CALDAS, Heron Carlos de Godoy ; FRANCO, D. H. T. ; OLIVEIRA, F. A. ; NEMES, Maria Carolina	A4	
artigoEmPeriodico	 	1997	0217-7323	http://www.scopus.com/scopus/inward/citedby.url?partnerID=bb5nvXTn&rel=R6.0.0&doi=10.1142/s0217732397001060&md5=25976a1d0c9ffa4b7a8f6e51c9ac043a	On the Renormalization of the Chiral Fermion Meson \Model : An Algebraic Approach	Modern Physics Letters A	FRANCO, D. H. T. ; CALDAS, Heron Carlos de Godoy ; A. L. Mota ; NEMES, Maria Carolina	B1	
artigoEmPeriodico	 	1996	0378-4371	http://www.scopus.com/scopus/inward/citedby.url?partnerID=bb5nvXTn&rel=R6.0.0&doi=10.1016/0378-4371(96)00139-2&md5=40c61eebe855179ac53b4d029550af52	Fractal Patterns for Dendrites and Axon Terminals	Physica. A (Print)	ALVES, S. G.; MARTINS, M. L. ; FERNANDES, P. A. ; PITTELLA, J. E. H.	A1	
trabalhoCompletoEmCongresso	 	2021	http://dx.doi.org/10.1108/S1569-375920140000096017	Lógica Fuzzy como ferramenta auxiliadora no diagnóstico da distimia	XXIV Encontro Nacional de Modelagem Computacional	GONZAGA, M. N. ; de OLIVEIRA, M. M.		
trabalhoCompletoEmCongresso	 	2018		ESTUDO DE VIBRAÇÕES MECÂNICAS DE DISPOSITIVOS MICROELETROMECÂNICOS IMERSOS EM MEIO DIFUSIVO	XXI Encontro Nacional de Modelagem Computacional e IX Encontro de Ciência e Tecnologia de Materiais	CARDOSO, M. B. ; Oliveira, Adélcio C.		
trabalhoCompletoEmCongresso	 	2018		ANOMALOUS DIFFUSION THROUG HOMOPOLAR MEMBRANE: ONEDIMENTIONAL MODEL	XXI Encontro Nacional de Modelagem Computacional e IX Encontro de Ciência e Tecnologia de Materiais	GIMENEZ, G. G. ; Oliveira, Adélcio C.		
trabalhoCompletoEmCongresso	 	2018		SOLUÇÃO NUMÉRICA DA EQUAÇÃO DE BLASIUS	XXI Encontro Nacional de Modelagem Computacional e IX Encontro de Ciência e Tecnologia de Materiais	MONTEIRO, T. B. ; ALMEIDA, A. C. L. ; Oliveira, Adélcio C.		
trabalhoCompletoEmCongresso	 	2018		SOLUÇÃO NUMÉRICA DA EQUAÇÃO DE LANDAU-LEVICH PARA ALTURA DE FILMES FINOS	XXI Encontro Nacional de Modelagem Computacional e IX Encontro de Ciência e Tecnologia de Materiais	Oliveira, Adélcio C.; ALMEIDA, A. C. L.		
trabalhoCompletoEmCongresso	 	2018		Difusao em uma membrana cilíndrica imersa em um campo radial	XXI Encontro Nacional de Modelagem Computacional e IX Encontro de Ciência e Tecnologia de Materiais	PEREIRA, K. T. ; Paola Brito de Paula ; Oliveira, Adélcio C.		
trabalhoCompletoEmCongresso	 	2018	http://dx.doi.org/10.1109/SBFoton-IOPC.2018.8610886	Roughness as Entanglement Witness: The two Coupled Cavity Model	2018 SBFoton International Optics and Photonics Conference (SBFoton IOPC)	REIS, MAURICIO ; OLIVEIRA, ADELCIO C.		
trabalhoCompletoEmCongresso	 	2018		USO DO MÉTODO DE OTIMIZAÇÃO DE PARÂMETROS PARA RESOLVER EQUAÇÕES DIFERENCIAIS COM CONDIÇÕES DE CONTORNO	XXI Encontro Nacional de Modelagem Computacional e IX Encontro de Ciência e Tecnologia de Materiais	XAVIER, J. J. ; COELHO, J. O. P. ; Oliveira, Adélcio C.		
trabalhoCompletoEmCongresso	 	2018		MÉTODO DE OTIMIZAÇÃO DE PARÂMETROS APLICADO AO ESTUDO NUMÉRICO DE VIBRAÇÕES MECÂNICAS	XXI Encontro Nacional de Modelagem Computacional e IX Encontro de Ciência e Tecnologia de Materiais	XAVIER, J. J. ; COELHO, J. O. P. ; Oliveira, Adélcio C.		
trabalhoCompletoEmCongresso	 	2016	http://dx.doi.org/10.5540/03.2016.004.01.0020	Estudo de Vibrações Mecânicas em Microtúbulos Celulares	DINCON 2015 #45; Conferência Brasileira de Dinâmica	BRITO, RUAN YVIS ; FABRINO, DANIELA LEITE ; OLIVEIRA, ADÉLCIO		
trabalhoCompletoEmCongresso	 	2016		MODELAGEM DE TEMPO DISCRETO COMO ESTIMADOR DA EFICIÊNCIA DOS MECANISMOS DE TRANSPOSIÇÃO DE PEIXES	XIX Encontro Nacional de Modelagem Computacional ? XIX ENMC e do VII Encontro de Ci?encia e Tecnologia de Materiais ? VII	OLIVEIRA, ADÉLCIO; FALCAO, R. C. ; SILVA, L. G. M.		
trabalhoCompletoEmCongresso	 	2016		Reservatório de Fase via Matriz Estócastica	XIX Encontro Nacional de Modelagem Computacional e o VII Encontro de Ciência e Tecnologia de Materiais	Paola Brito de Paula ; OLIVEIRA, ADÉLCIO ; REIS, M.		
trabalhoCompletoEmCongresso	 	2016		LIMITE CLÁSSICO NAS RELAÇÕES DE FLUTUAÇÃO DO TRABALHO E DA ENERGIA LIVRE	XIX Encontro Nacional de Modelagem Computacional ? XIX ENMC e do VII Encontro de Ci?encia e Tecnologia de Materiais ? VII	PAULA, J. O. R. ; OLIVEIRA, ADÉLCIO ; FALCAO, R. C.		
trabalhoCompletoEmCongresso	 	2016		PROPRIEDADES TERMODINÂMICAS DO OSCILADOR QUÁRTICO	XIX Encontro Nacional de Modelagem Computacional ? XIX ENMC e do VII Encontro de Ci?encia e Tecnologia de Materiais ? VII	PEREIRA, T. C. P. ; PAULA, J. O. R. ; OLIVEIRA, ADÉLCIO		
trabalhoCompletoEmCongresso	 	2015	http://dx.doi.org/10.1142/9789814623995_0314	A NOVEL ASPECT OF ANALOGUE GRAVITY	Proceedings of the MG13 Meeting on General Relativity	TONIATO, JÚNIOR D. ; GOULART, ÉRICO ; NOVELLO, MARIO ; FALCIANO, FELIPE T.		
trabalhoCompletoEmCongresso	 	2014		Geometric Scalar Gravity	Subatomic particles	BITTENCOURT, E ; Goulart, E.		
trabalhoCompletoEmCongresso	 	2014		MODELO DE VIGA CAPACITIVA DE SEÇÃO CONSTANTE	XVII Encontro de Modelagem Computacional	GONZAGA, M. N. ; Oliveira, Adélcio C.		
trabalhoCompletoEmCongresso	 	2014		ESTUDO DA DUFUSÃO APLICADA À ELETRODIÁ LISE: MODELO TRIDIMENSIONAL EM COORDENADAS CILÍNDRICAS	XVII Encontro de Modelagem Computacional	Igor Pereira Vieira ; Oliveira, Adélcio C.		
trabalhoCompletoEmCongresso	 	2014		ESTUDO ANALÍTICO DOS MODOS VIBRACIONAIS TRANSVERSAIS DE VIGAS COM SEÇÃO VARIÁVEL: UM MODELO SIMPLIFICADO DE ASA DE AERONAVE	XVII Encontro de Modelagem Computacional	Lilian Ribeiro ; Oliveira, Adélcio C. ; ALMEIDA, A. C. L.		
trabalhoCompletoEmCongresso	 	2014		CHARACTERIZATION OF A THREE-SPECIES FOOD CHAIN MODEL IN PARAMETER SPACE	XVII Encontro de Modelagem Computacional	SOUZA, S. L. T. ; ALMEIDA, A. C. L. ; OLIVEIRA, Adélcio Carlos de		
trabalhoCompletoEmCongresso	 	2013	http://dx.doi.org/10.1063/1.4796022	Heavy mesons spectra in a semi-analytical quantum relativistic approach	XII HADRON PHYSICS	Mota, A. L.; CALDAS, H. ; DA FONSECA, J. E.		
trabalhoCompletoEmCongresso	 	2013	http://dx.doi.org/10.1063/1.4795966	The competition between the superconducting and the excitonic phases on doped Dirac electronic systems	XII HADRON PHYSICS	NUNES, LIZARDO H.; FARIAS, RICARDO L. ; MARINO, E. C.		
trabalhoCompletoEmCongresso	 	2013		Resolvendo integrais logarítmicas: Método do Fator Integrante	XVI Encontro de Modelagem Computacional	OLIVEIRA, Adélcio Carlos de; ALMEIDA, A. C. L. ; Humberto Cesar Fernandes Lemos ; Jose Eloy Ottoni		
trabalhoCompletoEmCongresso	 	2013		THEORETICAL ANALYSIS OF IONIC TRANSPORT THROUGH HOMOPOLAR ION-EXCHANGE MEMBRANES	XVI Encontro de Modelagem Computacional	OLIVEIRA, Adélcio Carlos de; Franco Dany Amado ; Ruan C. A. Moura		
trabalhoCompletoEmCongresso	 	2013	http://dx.doi.org/10.13140/2.1.2197.0882	QUANTUM NOISE AND ITS IMPORTANCE TO THE QUANTUM CLASSICAL TRANSITION PROBLEM: ENERGY MEASUREMENT ASPECTS	XVI Encontro de Modelagem Computacional	OLIVEIRA, Adélcio Carlos de; Zolacir T. O. jr ; Nestor Santos Correia		
trabalhoCompletoEmCongresso	 	2013		ESTUDO DA NÃO ELETRONEUTRALIDADE EM MEMBRANA DE TROCA CATIÔNICA NO PROCESSO DE ELETRODIÁLISE	XVI Encontro de Modelagem Computacional	Ruan C. A. Moura ; Franco Dany Amado ; Zolacir T. O. jr ; OLIVEIRA, Adélcio Carlos de		
trabalhoCompletoEmCongresso	 	2012	http://dx.doi.org/10.1063/1.4796022	Heavy mesons spectra in a semi-analytical quantum relativistic approach	XII HADRON PHYSICS	MOTA, A. L. ; Caldas, H. ; DA FONSECA, J. E.		
trabalhoCompletoEmCongresso	 	2011		Selected Studies on Effective Geometries	Primeira Reunião Argentino-Brasileira de Gravitação	Goulart, E		
trabalhoCompletoEmCongresso	 	2011	http://dx.doi.org/http://dx.doi.org/10.5540/DINCON.2011.001.1.0002	ESTUDO DO TRANSPORTE IÔNICO ATRAVÉS DE MEMBRANAS ÍON SELETIVAS NO PROCESSO DE ELETRODIÁLISE	X Conferência Brasileira de Dinâmica	Ruan C. A. Moura ; Zolacir T. O. jr ; Oliveira, Adélcio C. ; Franco Dany Amado		
trabalhoCompletoEmCongresso	 	2008	http://dx.doi.org/10.1016/j.physb.2007.10.087	Effects of a magnetic field on superconductivity and quantum criticality in quasi-two-dimensional systems with Dirac electrons?	SCES 2007	MARINO, E ; NUNES, L		
trabalhoCompletoEmCongresso	 	2008		Correspondence Principle and Uncertain Relations	XXXI Encontro Nacional da Matéria Condensada	OLIVEIRA, Adélcio Carlos de		
trabalhoCompletoEmCongresso	 	2007	http://dx.doi.org/10.1016/j.physc.2007.03.227	A quantum critical superconducting phase transition in quasi-two-dimensional systems with Dirac electrons?	VIII International Conference on Materials and Mechanisms of Superconductivity	MARINO, E ; NUNES, L		
trabalhoCompletoEmCongresso	 	2006		Alternative Strategies for College Physics Education	22nd ICDE World Conference on Distance Education	GREGORIO, M. A. ; NUNES, Lizardo H. C. M. ; MARECHAL, B. M. ; BELLO, P. H. R.		
trabalhoCompletoEmCongresso	 	2005		Quasi-stationary Simulation of the Contact Process	International Workshop on Physics Survey of Irregular Systems	DICKMAN, R. ; de OLIVEIRA, M. M.		
trabalhoCompletoEmCongresso	 	2002		Percolação para Principiantes	Bienal da SBM	Braga, G. A. ; de OLIVEIRA, M. M. ; Schieber, T. A. ; SANCHIS, R.		
trabalhoCompletoEmCongresso	 	2001		The Damping Rate of a Fermion Within the Linear Sigma Model at Finite Temperature	XXII Encontro Nacional de Fisica de Partículas e Campos	CALDAS, H. C. G		
trabalhoCompletoEmCongresso	 	2000		A cellular automata model for citrus variegated chlorosis	International Conference on New Trends in the Fractal Aspects of Complex Systems	MARTINS, M. L. ; G. Ceotto ; ALVES, S. G. ; BUFON, C. C. B. ; SILVA, J. M. ; LARANJEIRA, F. F.		
trabalhoCompletoEmCongresso	 	1999		Meson Properties on a Renormalizable Version of the NJL Model	Hadron Physics - Effective Theories in Low Energy QCD	A. L. Mota; NEMES, Maria Carolina ; HILLER, Brigitte ; WALLISER, H.		
trabalhoCompletoEmCongresso	 	1999		Gravidade em Baixas Dimensões	Simpósio de Iniciação Científica	Goulart, E		
trabalhoCompletoEmCongresso	 	1997		On the Renormalization of the Chiral Fermion Meson Model: An Algebraic Approach	XVIII Encontro Nacional de Física de Partículas e Campos	FRANCO, D. H. T. ; CALDAS, Heron Carlos de Godoy ; A. L. Mota ; NEMES, Maria Carolina		
resumoExpandidoEmCongresso	 	2020	DIFUSÃO ANÔMALA EM CAMINHADAS DE CUPINS	I Congresso Brasileiro Interdisciplinar de Ciência e Tecnologia, 2020, Diamantina. Anais do I Congresso Brasileiro Interdisciplinar em Ciência e Tecnologia	GONCALVES, B. D. ; ALVES, S. G. ; PAIVA, L. R.		
resumoExpandidoEmCongresso	 	2020	ABORDAGEM INTERDISCIPLINAR PARA ANÁLISE DE DADOS EMPÍRICOS DE RASTREAMENTO DE UM CUPIM CONFINADO	I Congresso Brasileiro Interdisciplinar de Ciência e Tecnologia, 2020, Diamantina. Anais do I Congresso Brasileiro Interdisciplinar em Ciência e Tecnologia	SILVA, L. B. ; BARROS, L. A. ; PAIVA, L. R.		
resumoExpandidoEmCongresso	 	2016	PARAMETRIC DYNAMICS OF AN EULER-BERNOULLI BEAM	International Conference on Nonlinear Science and Complexity, 2016, São José dos Campos. International Conference on Nonlinear Science and Complexity	Lilian Ribeiro ; OLIVEIRA, Adélcio Carlos de		
resumoExpandidoEmCongresso	 	2010	Onset of thermal rectification in graded mass systems: Analysis of the classic and quantum self-consistent harmonic chain of oscillators	11th Granada Seminar on Computational and Statistical Physics, 2011, La Herradura. AIP Conference Proceedings: Non-Equilibrium Statistical Physics Today.. Melvilli, New York: AIP: American Institute of Physics	Pereira, Emmanuel ; LEMOS, Humberto C. F. ; Ávila, Ricardo R.		
resumoExpandidoEmCongresso	 	2003	Neutral Pion Decay in a Hot and Dense Medium	Topics in Heavy Ion Collisions, 2003, Montreal, Canada. Folder of the International Meeting Topics in Heavy Ion Collisions	CALDAS, H. C. G		
